event_id,timestamp,machine_id,machine_type,operator_id,shift_type,event_type,speed_kmh,worker_distance_m,engine_temp_c,weather,seatbelt_status,risk_level,response_time_sec,resolved
EVT00001,2025-03-10 06:22:00,DZR004,Dozer,OP1035,day,normal,3.88,11.8,80.6,Sunny,Unfastened,LOW,4.0,False
EVT00002,2025-03-10 07:38:00,DZR004,Dozer,OP1035,day,normal,7.74,26.7,85.4,Sunny,Unfastened,LOW,1,True
EVT00003,2025-03-10 07:56:00,DZR004,Dozer,OP1035,day,normal,4.11,17.8,88.9,Sunny,Unfastened,LOW,6.4,True
EVT00004,2025-03-10 08:06:00,DZR004,Dozer,OP1035,day,normal,5.38,17.1,91.9,Sunny,Unfastened,LOW,10.1,True
EVT00005,2025-03-10 08:08:00,DZR004,Dozer,OP1035,day,normal,7.96,22.6,85.2,Sunny,Unfastened,LOW,2.7,True
EVT00006,2025-03-10 08:28:00,DZR004,Dozer,OP1035,day,normal,6.34,14.5,83.5,Sunny,Unfastened,LOW,7.4,True
EVT00007,2025-03-10 08:30:00,DZR004,Dozer,OP1035,day,normal,3.58,26.7,89.6,Sunny,Unfastened,LOW,8.0,True
EVT00008,2025-03-10 08:34:00,DZR004,Dozer,OP1035,day,normal,7.14,24.7,90.3,Sunny,Unfastened,LOW,8.4,True
EVT00009,2025-03-10 08:38:00,DZR004,Dozer,OP1035,day,normal,6.35,20.7,86.0,Sunny,Unfastened,LOW,6.7,False
EVT00010,2025-03-10 08:52:00,DZR004,Dozer,OP1035,day,normal,5.81,1.5,89.9,Sunny,Fastened,HIGH,12.0,True
EVT00011,2025-03-10 09:00:00,DZR004,Dozer,OP1035,day,normal,6.43,10.1,82.0,Sunny,Unfastened,LOW,1,False
EVT00012,2025-03-10 09:08:00,DZR004,Dozer,OP1035,day,normal,4.75,5.7,89.2,Sunny,Unfastened,MEDIUM,5.5,True
EVT00013,2025-03-10 09:16:00,DZR004,Dozer,OP1035,day,normal,4.2,26.3,87.4,Sunny,Unfastened,LOW,10.2,True
EVT00014,2025-03-10 09:38:00,DZR004,Dozer,OP1035,day,normal,4.75,20.4,89.7,Sunny,Unfastened,LOW,5.7,False
EVT00015,2025-03-10 09:50:00,DZR004,Dozer,OP1035,day,normal,6.08,0.5,80.6,Sunny,Fastened,HIGH,2.2,True
EVT00016,2025-03-10 10:02:00,DZR004,Dozer,OP1035,day,normal,8.15,18.9,86.7,Sunny,Unfastened,LOW,9.6,True
EVT00017,2025-03-10 10:16:00,DZR004,Dozer,OP1035,day,normal,4.92,20.0,89.4,Sunny,Unfastened,LOW,4.4,True
EVT00018,2025-03-10 10:24:00,DZR004,Dozer,OP1035,day,normal,7.58,8.6,84.9,Sunny,Unfastened,LOW,12.9,True
EVT00019,2025-03-10 10:56:00,DZR004,Dozer,OP1035,day,normal,6.76,28.1,86.6,Sunny,Unfastened,LOW,8.4,True
EVT00020,2025-03-10 11:04:00,DZR004,Dozer,OP1035,day,erratic_accel,5.15,17.0,88.7,Sunny,Unfastened,LOW,8.2,True
EVT00021,2025-03-10 11:08:00,DZR004,Dozer,OP1035,day,erratic_accel,5.63,30.1,89.7,Sunny,Unfastened,LOW,3.8,True
EVT00022,2025-03-10 11:14:00,DZR004,Dozer,OP1035,day,erratic_accel,4.03,20.3,91.6,Sunny,Unfastened,LOW,11.8,True
EVT00023,2025-03-10 11:28:00,DZR004,Dozer,OP1035,day,erratic_accel,3.41,14.0,82.6,Sunny,Unfastened,LOW,12.2,False
EVT00024,2025-03-10 11:46:00,DZR004,Dozer,OP1035,day,erratic_accel,6.27,18.3,89.9,Sunny,Unfastened,LOW,5.3,True
EVT00025,2025-03-10 12:14:00,DZR004,Dozer,OP1035,day,normal,3.4,19.2,90.5,Sunny,Unfastened,LOW,6.9,True
EVT00026,2025-03-10 12:58:00,DZR004,Dozer,OP1035,day,normal,9.63,0.5,94.0,Sunny,Fastened,HIGH,7.9,True
EVT00027,2025-03-10 13:00:00,DZR004,Dozer,OP1035,day,normal,5.45,21.8,88.0,Sunny,Unfastened,LOW,11.4,True
EVT00028,2025-03-10 13:18:00,DZR004,Dozer,OP1035,day,normal,6.08,29.3,91.2,Sunny,Unfastened,LOW,10.3,True
EVT00029,2025-03-10 13:28:00,DZR004,Dozer,OP1035,day,normal,3.4,15.3,82.6,Sunny,Unfastened,LOW,9.6,False
EVT00030,2025-03-10 13:30:00,DZR004,Dozer,OP1035,day,normal,2.09,9.7,92.1,Sunny,Unfastened,LOW,7.3,True
EVT00031,2025-03-10 14:04:00,DZR004,Dozer,OP1035,day,normal,5.76,15.1,84.6,Sunny,Unfastened,LOW,7.7,True
EVT00032,2025-03-10 14:10:00,DZR004,Dozer,OP1035,day,normal,4.92,30.4,88.2,Sunny,Unfastened,LOW,4.3,True
EVT00033,2025-03-10 14:12:00,DZR004,Dozer,OP1035,day,normal,4.23,13.2,87.2,Sunny,Unfastened,LOW,8.8,True
EVT00034,2025-03-10 14:24:00,DZR004,Dozer,OP1035,day,normal,6.53,19.5,79.9,Sunny,Unfastened,LOW,4.0,False
EVT00035,2025-03-10 14:40:00,DZR004,Dozer,OP1035,day,normal,6.99,17.5,83.5,Sunny,Unfastened,LOW,1,True
EVT00036,2025-03-10 14:50:00,DZR004,Dozer,OP1035,day,normal,7.13,21.3,84.0,Sunny,Unfastened,LOW,2.7,True
EVT00037,2025-03-10 15:04:00,DZR004,Dozer,OP1035,day,normal,5.13,20.6,90.6,Sunny,Unfastened,LOW,6.3,True
EVT00038,2025-03-10 15:14:00,DZR004,Dozer,OP1035,day,normal,6.86,1.9,88.3,Sunny,Fastened,HIGH,9.4,False
EVT00039,2025-03-10 15:20:00,DZR004,Dozer,OP1035,day,normal,6.29,19.8,91.0,Sunny,Unfastened,LOW,6.5,True
EVT00040,2025-03-10 15:48:00,DZR004,Dozer,OP1035,day,normal,6.95,30.3,87.6,Sunny,Unfastened,LOW,6.0,True
EVT00041,2025-03-10 16:06:00,DZR004,Dozer,OP1035,day,normal,3.45,22.8,84.5,Sunny,Unfastened,LOW,9.3,True
EVT00042,2025-03-10 16:24:00,DZR004,Dozer,OP1035,day,normal,4.78,24.8,89.9,Sunny,Unfastened,LOW,7.5,True
EVT00043,2025-03-10 16:50:00,DZR004,Dozer,OP1035,day,normal,8.5,7.4,86.0,Sunny,Unfastened,MEDIUM,7.0,False
EVT00044,2025-03-10 16:58:00,DZR004,Dozer,OP1035,day,normal,3.99,25.1,87.8,Sunny,Unfastened,LOW,11.1,True
EVT00045,2025-03-10 17:12:00,DZR004,Dozer,OP1035,day,normal,4.53,16.5,88.2,Sunny,Unfastened,LOW,5.8,True
EVT00046,2025-03-10 17:14:00,DZR004,Dozer,OP1035,day,normal,7.22,21.8,91.7,Sunny,Unfastened,LOW,1,False
EVT00047,2025-03-10 17:18:00,DZR004,Dozer,OP1035,day,normal,7.5,18.0,89.8,Sunny,Unfastened,LOW,1,False
EVT00048,2025-03-10 17:24:00,DZR004,Dozer,OP1035,day,normal,6.69,17.5,85.8,Sunny,Unfastened,LOW,6.3,True
EVT00049,2025-03-10 17:38:00,DZR004,Dozer,OP1035,day,normal,4.28,14.5,85.3,Sunny,Unfastened,LOW,8.5,True
EVT00050,2025-12-17 06:02:00,EXC006,Excavator,OP1045,day,normal,3.63,23.4,25.8,Windy,Unfastened,LOW,12.2,True
EVT00051,2025-12-17 06:06:00,EXC006,Excavator,OP1045,day,normal,4.47,8.9,36.4,Windy,Unfastened,LOW,6.5,False
EVT00052,2025-12-17 06:32:00,EXC006,Excavator,OP1045,day,normal,3.26,23.4,86.0,Windy,Unfastened,LOW,3.1,True
EVT00053,2025-12-17 06:34:00,EXC006,Excavator,OP1045,day,normal,5.23,0.5,91.4,Windy,Fastened,HIGH,7.9,True
EVT00054,2025-12-17 07:06:00,EXC006,Excavator,OP1045,day,normal,6.44,9.6,86.5,Windy,Unfastened,LOW,6.1,False
EVT00055,2025-12-17 07:20:00,EXC006,Excavator,OP1045,day,normal,5.3,7.4,83.6,Windy,Unfastened,MEDIUM,4.5,False
EVT00056,2025-12-17 08:20:00,EXC006,Excavator,OP1045,day,normal,4.31,16.7,85.8,Windy,Unfastened,LOW,7.7,True
EVT00057,2025-12-17 08:28:00,EXC006,Excavator,OP1045,day,temp_spike,5.71,27.8,106.0,Windy,Fastened,MEDIUM,7.7,True
EVT00058,2025-12-17 08:32:00,EXC006,Excavator,OP1045,day,temp_spike,4.44,19.8,108.0,Windy,Fastened,MEDIUM,13.6,True
EVT00059,2025-12-17 08:34:00,EXC006,Excavator,OP1045,day,temp_spike,0.98,16.6,108.7,Windy,Fastened,MEDIUM,5.4,True
EVT00060,2025-12-17 08:36:00,EXC006,Excavator,OP1045,day,temp_spike,8.48,20.3,110.6,Windy,Fastened,MEDIUM,7.2,True
EVT00061,2025-12-17 08:38:00,EXC006,Excavator,OP1045,day,temp_spike,2.22,35.5,106.5,Windy,Fastened,MEDIUM,8.5,False
EVT00062,2025-12-17 08:42:00,EXC006,Excavator,OP1045,day,temp_spike,7.7,12.1,105.5,Windy,Fastened,MEDIUM,5.2,True
EVT00063,2025-12-17 09:18:00,EXC006,Excavator,OP1045,day,normal,3.8,28.7,86.1,Windy,Unfastened,LOW,7.8,True
EVT00064,2025-12-17 09:28:00,EXC006,Excavator,OP1045,day,normal,5.11,25.3,88.2,Windy,Unfastened,LOW,4.3,True
EVT00065,2025-12-17 09:40:00,EXC006,Excavator,OP1045,day,normal,8.56,17.5,88.2,Windy,Unfastened,LOW,5.8,False
EVT00066,2025-12-17 09:50:00,EXC006,Excavator,OP1045,day,normal,6.41,26.1,83.2,Windy,Unfastened,LOW,11.0,True
EVT00067,2025-12-17 10:26:00,EXC006,Excavator,OP1045,day,normal,3.96,18.5,88.2,Windy,Unfastened,LOW,1.5,False
EVT00068,2025-12-17 10:32:00,EXC006,Excavator,OP1045,day,normal,6.58,25.0,83.5,Windy,Unfastened,LOW,5.8,True
EVT00069,2025-12-17 10:40:00,EXC006,Excavator,OP1045,day,normal,5.47,8.7,83.4,Windy,Unfastened,LOW,11.4,True
EVT00070,2025-12-17 10:58:00,EXC006,Excavator,OP1045,day,normal,6.95,23.0,81.7,Windy,Unfastened,LOW,11.2,True
EVT00071,2025-12-17 11:30:00,EXC006,Excavator,OP1045,day,normal,4.86,22.5,89.0,Windy,Unfastened,LOW,8.2,False
EVT00072,2025-12-17 12:06:00,EXC006,Excavator,OP1045,day,normal,7.89,32.2,89.1,Windy,Unfastened,LOW,5.6,True
EVT00073,2025-12-17 12:14:00,EXC006,Excavator,OP1045,day,normal,6.22,6.6,86.6,Windy,Unfastened,MEDIUM,10.2,True
EVT00074,2025-12-17 12:38:00,EXC006,Excavator,OP1045,day,normal,7.41,15.5,85.2,Windy,Unfastened,LOW,9.6,True
EVT00075,2025-12-17 12:52:00,EXC006,Excavator,OP1045,day,normal,5.51,2.3,87.6,Windy,Fastened,HIGH,12.3,True
EVT00076,2025-12-17 13:42:00,EXC006,Excavator,OP1045,day,normal,6.14,1.6,87.3,Windy,Fastened,HIGH,6.7,True
EVT00077,2025-12-17 13:56:00,EXC006,Excavator,OP1045,day,normal,4.3,33.8,86.8,Windy,Unfastened,LOW,8.3,True
EVT00078,2025-12-17 14:18:00,EXC006,Excavator,OP1045,day,normal,3.34,20.1,88.1,Windy,Unfastened,LOW,7.4,True
EVT00079,2025-12-17 14:56:00,EXC006,Excavator,OP1045,day,normal,6.45,2.0,96.4,Windy,Fastened,HIGH,5.7,True
EVT00080,2025-12-17 15:38:00,EXC006,Excavator,OP1045,day,normal,4.85,29.3,80.9,Windy,Unfastened,LOW,6.4,True
EVT00081,2025-12-17 16:02:00,EXC006,Excavator,OP1045,day,normal,7.89,0.8,86.4,Windy,Fastened,HIGH,7.2,True
EVT00082,2025-12-17 16:30:00,EXC006,Excavator,OP1045,day,overspeed,14.78,27.2,84.8,Windy,Unfastened,LOW,7.4,True
EVT00083,2025-12-17 17:06:00,EXC006,Excavator,OP1045,day,overspeed,15.57,28.7,88.5,Windy,Unfastened,LOW,2.6,True
EVT00084,2025-12-17 17:12:00,EXC006,Excavator,OP1045,day,normal,8.74,17.7,84.7,Windy,Unfastened,LOW,4.4,True
EVT00085,2025-12-17 17:18:00,EXC006,Excavator,OP1045,day,normal,3.85,12.4,91.6,Windy,Unfastened,LOW,11.6,True
EVT00086,2025-12-17 17:58:00,EXC006,Excavator,OP1045,day,normal,6.78,14.5,88.7,Windy,Unfastened,LOW,8.9,True
EVT00087,2025-12-10 06:18:00,GRD003,Grader,OP1019,day,normal,5.24,0.5,66.1,Cloudy,Fastened,HIGH,3.1,False
EVT00088,2025-12-10 06:22:00,GRD003,Grader,OP1019,day,normal,8.16,22.1,78.0,Cloudy,Unfastened,LOW,5.3,True
EVT00089,2025-12-10 06:42:00,GRD003,Grader,OP1019,day,normal,6.25,13.7,89.7,Cloudy,Unfastened,LOW,4.4,False
EVT00090,2025-12-10 07:20:00,GRD003,Grader,OP1019,day,normal,7.37,19.3,82.7,Cloudy,Unfastened,LOW,6.7,True
EVT00091,2025-12-10 08:48:00,GRD003,Grader,OP1019,day,proximity_breach,8.0,1.4,86.3,Cloudy,Fastened,HIGH,10.1,True
EVT00092,2025-12-10 08:50:00,GRD003,Grader,OP1019,day,proximity_breach,10.1,1.4,90.7,Cloudy,Fastened,HIGH,6.7,True
EVT00093,2025-12-10 08:52:00,GRD003,Grader,OP1019,day,proximity_breach,6.91,2.0,87.0,Cloudy,Unfastened,HIGH,7.0,True
EVT00094,2025-12-10 08:54:00,GRD003,Grader,OP1019,day,proximity_breach,7.45,2.1,92.3,Cloudy,Fastened,HIGH,11.8,True
EVT00095,2025-12-10 08:56:00,GRD003,Grader,OP1019,day,proximity_breach,4.05,2.7,86.6,Cloudy,Unfastened,MEDIUM,6.0,True
EVT00096,2025-12-10 08:58:00,GRD003,Grader,OP1019,day,proximity_breach,5.75,2.9,87.3,Cloudy,Fastened,HIGH,6.5,False
EVT00097,2025-12-10 09:00:00,GRD003,Grader,OP1019,day,proximity_breach,7.09,2.1,85.8,Cloudy,Fastened,HIGH,5.0,False
EVT00098,2025-12-10 09:02:00,GRD003,Grader,OP1019,day,proximity_breach,6.87,2.6,85.3,Cloudy,Fastened,HIGH,10.0,False
EVT00099,2025-12-10 09:04:00,GRD003,Grader,OP1019,day,proximity_breach,5.55,1.9,88.1,Cloudy,Fastened,HIGH,9.3,True
EVT00100,2025-12-10 09:06:00,GRD003,Grader,OP1019,day,proximity_breach,8.26,1.0,86.0,Cloudy,Fastened,HIGH,6.4,True
EVT00101,2025-12-10 09:08:00,GRD003,Grader,OP1019,day,proximity_breach,8.8,2.6,85.8,Cloudy,Fastened,HIGH,5.8,True
EVT00102,2025-12-10 09:10:00,GRD003,Grader,OP1019,day,proximity_breach,7.36,1.2,88.0,Cloudy,Fastened,HIGH,2.5,False
EVT00103,2025-12-10 09:12:00,GRD003,Grader,OP1019,day,proximity_breach,9.22,1.3,87.2,Cloudy,Fastened,HIGH,2.5,True
EVT00104,2025-12-10 09:14:00,GRD003,Grader,OP1019,day,proximity_breach,7.35,1.3,85.1,Cloudy,Fastened,HIGH,11.2,True
EVT00105,2025-12-10 09:16:00,GRD003,Grader,OP1019,day,proximity_breach,7.1,1.7,86.0,Cloudy,Fastened,HIGH,2.3,False
EVT00106,2025-12-10 09:18:00,GRD003,Grader,OP1019,day,proximity_breach,7.53,0.3,83.9,Cloudy,Unfastened,HIGH,3.7,True
EVT00107,2025-12-10 09:20:00,GRD003,Grader,OP1019,day,proximity_breach,5.6,0.9,91.9,Cloudy,Fastened,HIGH,4.0,True
EVT00108,2025-12-10 09:22:00,GRD003,Grader,OP1019,day,proximity_breach,9.11,1.0,89.1,Cloudy,Fastened,HIGH,6.2,False
EVT00109,2025-12-10 09:24:00,GRD003,Grader,OP1019,day,proximity_breach,6.94,0.6,95.7,Cloudy,Fastened,HIGH,2.3,True
EVT00110,2025-12-10 09:34:00,GRD003,Grader,OP1019,day,normal,5.13,20.1,91.4,Cloudy,Unfastened,LOW,11.4,True
EVT00111,2025-12-10 09:36:00,GRD003,Grader,OP1019,day,normal,4.7,15.8,90.3,Cloudy,Unfastened,LOW,4.2,True
EVT00112,2025-12-10 10:20:00,GRD003,Grader,OP1019,day,normal,6.71,0.5,85.2,Cloudy,Fastened,HIGH,6.3,True
EVT00113,2025-12-10 11:22:00,GRD003,Grader,OP1019,day,normal,7.17,24.1,85.7,Cloudy,Unfastened,LOW,8.4,True
EVT00114,2025-12-10 11:42:00,GRD003,Grader,OP1019,day,normal,3.62,11.6,82.5,Cloudy,Unfastened,LOW,5.6,True
EVT00115,2025-12-10 12:02:00,GRD003,Grader,OP1019,day,normal,6.07,5.3,85.2,Cloudy,Unfastened,MEDIUM,13.8,False
EVT00116,2025-12-10 12:48:00,GRD003,Grader,OP1019,day,normal,4.36,25.6,87.3,Cloudy,Unfastened,LOW,8.8,True
EVT00117,2025-12-10 12:52:00,GRD003,Grader,OP1019,day,proximity_breach,5.9,2.2,83.7,Cloudy,Unfastened,HIGH,5.8,True
EVT00118,2025-12-10 12:54:00,GRD003,Grader,OP1019,day,proximity_breach,6.42,2.3,85.5,Cloudy,Fastened,HIGH,4.1,True
EVT00119,2025-12-10 12:56:00,GRD003,Grader,OP1019,day,proximity_breach,7.47,1.4,91.7,Cloudy,Fastened,HIGH,6.0,False
EVT00120,2025-12-10 12:58:00,GRD003,Grader,OP1019,day,proximity_breach,6.9,2.4,85.3,Cloudy,Fastened,HIGH,3.7,True
EVT00121,2025-12-10 13:00:00,GRD003,Grader,OP1019,day,proximity_breach,9.1,1.8,89.9,Cloudy,Fastened,HIGH,3.1,True
EVT00122,2025-12-10 13:04:00,GRD003,Grader,OP1019,day,proximity_breach,6.28,1.3,86.2,Cloudy,Fastened,HIGH,5.3,True
EVT00123,2025-12-10 13:06:00,GRD003,Grader,OP1019,day,proximity_breach,8.75,2.0,84.7,Cloudy,Fastened,HIGH,12.8,True
EVT00124,2025-12-10 13:08:00,GRD003,Grader,OP1019,day,proximity_breach,7.38,2.5,83.5,Cloudy,Fastened,HIGH,12.5,True
EVT00125,2025-12-10 13:10:00,GRD003,Grader,OP1019,day,proximity_breach,6.59,1.5,84.7,Cloudy,Fastened,HIGH,11.0,True
EVT00126,2025-12-10 13:12:00,GRD003,Grader,OP1019,day,proximity_breach,9.15,2.3,89.1,Cloudy,Fastened,HIGH,10.7,True
EVT00127,2025-12-10 13:14:00,GRD003,Grader,OP1019,day,proximity_breach,9.52,1.1,87.0,Cloudy,Fastened,HIGH,4.5,True
EVT00128,2025-12-10 13:16:00,GRD003,Grader,OP1019,day,proximity_breach,8.98,2.1,82.2,Cloudy,Fastened,HIGH,14.1,True
EVT00129,2025-12-10 13:18:00,GRD003,Grader,OP1019,day,proximity_breach,8.22,2.5,86.5,Cloudy,Fastened,HIGH,5.4,True
EVT00130,2025-12-10 13:22:00,GRD003,Grader,OP1019,day,proximity_breach,9.21,1.7,86.6,Cloudy,Fastened,HIGH,5.7,False
EVT00131,2025-12-10 13:30:00,GRD003,Grader,OP1019,day,normal,6.28,21.3,94.1,Cloudy,Unfastened,LOW,2.8,True
EVT00132,2025-12-10 13:40:00,GRD003,Grader,OP1019,day,normal,7.44,31.7,83.4,Cloudy,Unfastened,LOW,5.6,True
EVT00133,2025-12-10 13:52:00,GRD003,Grader,OP1019,day,normal,8.22,21.0,89.4,Cloudy,Unfastened,LOW,4.0,False
EVT00134,2025-12-10 14:18:00,GRD003,Grader,OP1019,day,normal,4.91,21.4,88.1,Cloudy,Unfastened,LOW,8.9,True
EVT00135,2025-12-10 14:32:00,GRD003,Grader,OP1019,day,normal,6.21,31.3,94.1,Cloudy,Unfastened,LOW,3.5,True
EVT00136,2025-12-10 15:22:00,GRD003,Grader,OP1019,day,normal,5.99,4.5,82.3,Cloudy,Unfastened,MEDIUM,6.0,True
EVT00137,2025-12-10 15:46:00,GRD003,Grader,OP1019,day,normal,6.06,14.6,82.3,Cloudy,Unfastened,LOW,7.5,True
EVT00138,2025-12-10 16:06:00,GRD003,Grader,OP1019,day,normal,6.4,1.4,89.4,Cloudy,Fastened,HIGH,7.1,True
EVT00139,2025-12-10 16:30:00,GRD003,Grader,OP1019,day,normal,9.63,11.7,83.9,Cloudy,Unfastened,LOW,3.1,True
EVT00140,2025-12-10 16:34:00,GRD003,Grader,OP1019,day,normal,6.52,2.1,89.3,Cloudy,Fastened,HIGH,7.7,True
EVT00141,2025-12-10 17:14:00,GRD003,Grader,OP1019,day,normal,7.63,1.9,85.6,Cloudy,Fastened,HIGH,1.6,True
EVT00142,2025-12-10 17:24:00,GRD003,Grader,OP1019,day,normal,3.79,8.7,84.7,Cloudy,Unfastened,LOW,1,True
EVT00143,2026-05-05 18:08:00,EXC005,Excavator,OP1025,night,normal,3.69,7.5,51.1,Cloudy,Unfastened,MEDIUM,6.0,False
EVT00144,2026-05-05 19:14:00,EXC005,Excavator,OP1025,night,normal,2.71,20.2,83.9,Cloudy,Unfastened,LOW,6.2,True
EVT00145,2026-05-05 20:02:00,EXC005,Excavator,OP1025,night,normal,6.22,0.5,81.1,Cloudy,Fastened,HIGH,4.2,True
EVT00146,2026-05-05 20:08:00,EXC005,Excavator,OP1025,night,normal,5.27,0.5,90.8,Cloudy,Fastened,HIGH,8.8,True
EVT00147,2026-05-05 20:48:00,EXC005,Excavator,OP1025,night,normal,4.38,18.4,91.4,Cloudy,Unfastened,LOW,2.1,True
EVT00148,2026-05-05 20:56:00,EXC005,Excavator,OP1025,night,normal,5.5,11.3,86.2,Cloudy,Unfastened,LOW,6.6,False
EVT00149,2026-05-05 21:24:00,EXC005,Excavator,OP1025,night,normal,5.6,27.1,81.6,Cloudy,Unfastened,LOW,8.1,False
EVT00150,2026-05-05 21:32:00,EXC005,Excavator,OP1025,night,erratic_accel,4.65,4.1,89.8,Cloudy,Unfastened,MEDIUM,11.2,True
EVT00151,2026-05-05 21:40:00,EXC005,Excavator,OP1025,night,erratic_accel,9.95,17.8,87.9,Cloudy,Unfastened,LOW,12.4,True
EVT00152,2026-05-05 21:46:00,EXC005,Excavator,OP1025,night,erratic_accel,6.18,7.4,84.1,Cloudy,Unfastened,MEDIUM,8.2,False
EVT00153,2026-05-05 22:06:00,EXC005,Excavator,OP1025,night,normal,4.03,12.3,89.1,Cloudy,Unfastened,LOW,5.6,True
EVT00154,2026-05-05 22:08:00,EXC005,Excavator,OP1025,night,normal,6.9,12.1,85.3,Cloudy,Unfastened,LOW,11.8,True
EVT00155,2026-05-05 22:10:00,EXC005,Excavator,OP1025,night,normal,3.97,10.5,92.7,Cloudy,Unfastened,LOW,7.5,True
EVT00156,2026-05-05 22:16:00,EXC005,Excavator,OP1025,night,normal,5.75,2.8,86.7,Cloudy,Fastened,HIGH,10.4,True
EVT00157,2026-05-05 22:38:00,EXC005,Excavator,OP1025,night,normal,5.87,22.3,88.7,Cloudy,Unfastened,LOW,1.5,True
EVT00158,2026-05-05 23:36:00,EXC005,Excavator,OP1025,night,normal,5.49,13.8,84.0,Cloudy,Unfastened,LOW,2.5,False
EVT00159,2026-05-05 23:42:00,EXC005,Excavator,OP1025,night,normal,6.87,33.5,91.6,Cloudy,Unfastened,LOW,12.6,True
EVT00160,2026-05-06 00:08:00,EXC005,Excavator,OP1025,night,normal,3.0,7.9,85.8,Cloudy,Unfastened,MEDIUM,9.4,True
EVT00161,2026-05-06 00:18:00,EXC005,Excavator,OP1025,night,normal,3.72,26.9,86.0,Cloudy,Unfastened,LOW,3.4,True
EVT00162,2026-05-06 00:28:00,EXC005,Excavator,OP1025,night,normal,7.03,15.0,83.6,Cloudy,Unfastened,LOW,2.9,True
EVT00163,2026-05-06 00:32:00,EXC005,Excavator,OP1025,night,normal,7.16,25.3,86.0,Cloudy,Unfastened,LOW,1.4,False
EVT00164,2026-05-06 00:34:00,EXC005,Excavator,OP1025,night,normal,5.03,12.7,80.2,Cloudy,Unfastened,LOW,5.4,True
EVT00165,2026-05-06 00:50:00,EXC005,Excavator,OP1025,night,normal,6.87,12.5,87.7,Cloudy,Unfastened,LOW,3.5,False
EVT00166,2026-05-06 00:54:00,EXC005,Excavator,OP1025,night,normal,6.42,14.5,85.0,Cloudy,Unfastened,LOW,5.5,False
EVT00167,2026-05-06 01:14:00,EXC005,Excavator,OP1025,night,normal,5.03,2.4,87.8,Cloudy,Fastened,HIGH,4.4,True
EVT00168,2026-05-06 01:34:00,EXC005,Excavator,OP1025,night,normal,5.03,0.5,89.2,Cloudy,Fastened,HIGH,6.3,True
EVT00169,2026-05-06 01:50:00,EXC005,Excavator,OP1025,night,proximity_breach,7.67,1.4,88.0,Cloudy,Fastened,HIGH,6.3,True
EVT00170,2026-05-06 01:52:00,EXC005,Excavator,OP1025,night,proximity_breach,8.28,1.5,84.0,Cloudy,Fastened,HIGH,6.3,True
EVT00171,2026-05-06 01:54:00,EXC005,Excavator,OP1025,night,proximity_breach,6.32,2.1,86.7,Cloudy,Fastened,HIGH,9.1,True
EVT00172,2026-05-06 01:56:00,EXC005,Excavator,OP1025,night,proximity_breach,7.34,2.3,88.4,Cloudy,Fastened,HIGH,11.4,True
EVT00173,2026-05-06 01:58:00,EXC005,Excavator,OP1025,night,proximity_breach,11.4,1.9,85.0,Cloudy,Unfastened,HIGH,8.5,True
EVT00174,2026-05-06 02:00:00,EXC005,Excavator,OP1025,night,proximity_breach,7.41,2.0,83.1,Cloudy,Fastened,HIGH,1,False
EVT00175,2026-05-06 02:02:00,EXC005,Excavator,OP1025,night,proximity_breach,6.16,0.5,86.9,Cloudy,Fastened,HIGH,1.3,True
EVT00176,2026-05-06 02:04:00,EXC005,Excavator,OP1025,night,proximity_breach,7.78,1.3,83.2,Cloudy,Fastened,HIGH,4.4,True
EVT00177,2026-05-06 02:06:00,EXC005,Excavator,OP1025,night,proximity_breach,6.54,2.1,86.3,Cloudy,Fastened,HIGH,6.0,True
EVT00178,2026-05-06 02:08:00,EXC005,Excavator,OP1025,night,proximity_breach,6.93,2.6,79.7,Cloudy,Unfastened,HIGH,11.0,True
EVT00179,2026-05-06 02:10:00,EXC005,Excavator,OP1025,night,proximity_breach,5.78,1.9,88.2,Cloudy,Fastened,HIGH,1,True
EVT00180,2026-05-06 02:12:00,EXC005,Excavator,OP1025,night,proximity_breach,7.96,2.0,87.5,Cloudy,Fastened,HIGH,2.5,True
EVT00181,2026-05-06 02:14:00,EXC005,Excavator,OP1025,night,proximity_breach,11.12,0.4,87.9,Cloudy,Fastened,HIGH,10.5,False
EVT00182,2026-05-06 02:16:00,EXC005,Excavator,OP1025,night,proximity_breach,5.88,2.2,91.9,Cloudy,Fastened,HIGH,4.4,True
EVT00183,2026-05-06 02:18:00,EXC005,Excavator,OP1025,night,proximity_breach,6.73,1.5,84.2,Cloudy,Fastened,HIGH,8.8,False
EVT00184,2026-05-06 02:22:00,EXC005,Excavator,OP1025,night,proximity_breach,6.31,1.9,87.7,Cloudy,Fastened,HIGH,3.8,False
EVT00185,2026-05-06 02:24:00,EXC005,Excavator,OP1025,night,proximity_breach,7.62,1.4,89.8,Cloudy,Fastened,HIGH,4.5,True
EVT00186,2026-05-06 02:26:00,EXC005,Excavator,OP1025,night,proximity_breach,7.25,1.2,89.5,Cloudy,Fastened,HIGH,5.2,True
EVT00187,2026-05-06 02:44:00,EXC005,Excavator,OP1025,night,normal,4.73,13.5,88.1,Cloudy,Unfastened,LOW,10.2,True
EVT00188,2026-05-06 03:10:00,EXC005,Excavator,OP1025,night,normal,7.85,8.5,89.9,Cloudy,Unfastened,LOW,7.6,True
EVT00189,2026-05-06 03:26:00,EXC005,Excavator,OP1025,night,normal,6.73,14.3,87.8,Cloudy,Unfastened,LOW,8.8,True
EVT00190,2026-05-06 03:32:00,EXC005,Excavator,OP1025,night,normal,6.47,11.9,86.7,Cloudy,Unfastened,LOW,8.5,True
EVT00191,2026-05-06 04:06:00,EXC005,Excavator,OP1025,night,normal,5.8,18.8,85.8,Cloudy,Unfastened,LOW,1,True
EVT00192,2026-05-06 04:24:00,EXC005,Excavator,OP1025,night,normal,5.45,31.2,86.3,Cloudy,Unfastened,LOW,8.1,False
EVT00193,2026-05-06 05:06:00,EXC005,Excavator,OP1025,night,normal,4.51,0.8,89.6,Cloudy,Unfastened,MEDIUM,10.3,True
EVT00194,2026-05-06 05:24:00,EXC005,Excavator,OP1025,night,normal,5.38,16.4,88.4,Cloudy,Unfastened,LOW,6.4,True
EVT00195,2026-05-06 05:34:00,EXC005,Excavator,OP1025,night,normal,6.22,34.4,91.7,Cloudy,Unfastened,LOW,11.7,False
EVT00196,2025-04-11 06:04:00,EXC002,Excavator,OP1053,day,normal,6.01,18.5,39.0,Windy,Unfastened,LOW,3.7,True
EVT00197,2025-04-11 06:22:00,EXC002,Excavator,OP1053,day,normal,6.4,0.5,80.1,Windy,Fastened,HIGH,9.9,True
EVT00198,2025-04-11 06:28:00,EXC002,Excavator,OP1053,day,normal,5.39,19.9,86.2,Windy,Unfastened,LOW,5.9,True
EVT00199,2025-04-11 06:32:00,EXC002,Excavator,OP1053,day,normal,3.16,12.0,87.6,Windy,Unfastened,LOW,6.4,False
EVT00200,2025-04-11 06:40:00,EXC002,Excavator,OP1053,day,normal,5.15,0.5,88.4,Windy,Fastened,HIGH,7.8,True
EVT00201,2025-04-11 06:48:00,EXC002,Excavator,OP1053,day,normal,5.1,16.2,88.7,Windy,Unfastened,LOW,6.7,True
EVT00202,2025-04-11 07:06:00,EXC002,Excavator,OP1053,day,normal,5.63,28.3,84.8,Windy,Unfastened,LOW,6.6,False
EVT00203,2025-04-11 07:20:00,EXC002,Excavator,OP1053,day,normal,7.83,21.7,82.9,Windy,Unfastened,LOW,11.7,True
EVT00204,2025-04-11 07:40:00,EXC002,Excavator,OP1053,day,normal,4.58,27.5,89.9,Windy,Unfastened,LOW,12.3,True
EVT00205,2025-04-11 07:44:00,EXC002,Excavator,OP1053,day,normal,5.71,23.3,87.2,Windy,Unfastened,LOW,12.8,True
EVT00206,2025-04-11 07:54:00,EXC002,Excavator,OP1053,day,normal,4.97,19.5,86.2,Windy,Unfastened,LOW,15.5,True
EVT00207,2025-04-11 08:02:00,EXC002,Excavator,OP1053,day,normal,6.19,0.5,87.0,Windy,Fastened,HIGH,10.6,True
EVT00208,2025-04-11 08:14:00,EXC002,Excavator,OP1053,day,normal,8.09,13.0,89.3,Windy,Unfastened,LOW,8.3,True
EVT00209,2025-04-11 08:32:00,EXC002,Excavator,OP1053,day,normal,6.94,28.8,86.3,Windy,Unfastened,LOW,13.0,True
EVT00210,2025-04-11 08:34:00,EXC002,Excavator,OP1053,day,normal,7.43,0.9,87.1,Windy,Unfastened,HIGH,10.5,True
EVT00211,2025-04-11 08:36:00,EXC002,Excavator,OP1053,day,normal,5.25,1.6,84.8,Windy,Fastened,HIGH,5.9,True
EVT00212,2025-04-11 08:46:00,EXC002,Excavator,OP1053,day,normal,3.01,17.9,83.1,Windy,Unfastened,LOW,8.2,False
EVT00213,2025-04-11 08:52:00,EXC002,Excavator,OP1053,day,normal,5.36,2.6,88.0,Windy,Fastened,HIGH,10.7,True
EVT00214,2025-04-11 09:26:00,EXC002,Excavator,OP1053,day,normal,4.47,16.5,89.9,Windy,Unfastened,LOW,1,True
EVT00215,2025-04-11 09:38:00,EXC002,Excavator,OP1053,day,normal,6.61,10.2,84.6,Windy,Unfastened,LOW,1,True
EVT00216,2025-04-11 09:50:00,EXC002,Excavator,OP1053,day,normal,3.63,21.0,86.9,Windy,Unfastened,LOW,4.9,False
EVT00217,2025-04-11 10:30:00,EXC002,Excavator,OP1053,day,normal,7.74,25.1,88.7,Windy,Unfastened,LOW,10.8,True
EVT00218,2025-04-11 10:42:00,EXC002,Excavator,OP1053,day,normal,4.74,22.7,84.8,Windy,Unfastened,LOW,5.3,True
EVT00219,2025-04-11 10:50:00,EXC002,Excavator,OP1053,day,normal,5.6,10.9,84.8,Windy,Unfastened,LOW,7.1,True
EVT00220,2025-04-11 10:54:00,EXC002,Excavator,OP1053,day,normal,4.61,21.5,83.8,Windy,Unfastened,LOW,7.1,True
EVT00221,2025-04-11 11:00:00,EXC002,Excavator,OP1053,day,normal,7.24,26.8,93.4,Windy,Unfastened,LOW,12.9,False
EVT00222,2025-04-11 11:02:00,EXC002,Excavator,OP1053,day,normal,6.75,1.7,87.6,Windy,Fastened,HIGH,7.2,True
EVT00223,2025-04-11 11:26:00,EXC002,Excavator,OP1053,day,normal,4.47,9.6,87.1,Windy,Unfastened,LOW,8.0,False
EVT00224,2025-04-11 11:28:00,EXC002,Excavator,OP1053,day,normal,7.57,13.4,85.3,Windy,Unfastened,LOW,10.9,True
EVT00225,2025-04-11 12:02:00,EXC002,Excavator,OP1053,day,normal,7.1,5.5,86.0,Windy,Unfastened,MEDIUM,7.5,True
EVT00226,2025-04-11 12:04:00,EXC002,Excavator,OP1053,day,normal,5.58,25.3,86.7,Windy,Unfastened,LOW,8.3,True
EVT00227,2025-04-11 12:42:00,EXC002,Excavator,OP1053,day,normal,5.41,0.8,91.3,Windy,Fastened,HIGH,7.5,True
EVT00228,2025-04-11 12:58:00,EXC002,Excavator,OP1053,day,normal,7.61,21.0,76.7,Windy,Unfastened,LOW,4.0,True
EVT00229,2025-04-11 13:04:00,EXC002,Excavator,OP1053,day,normal,3.78,16.5,88.2,Windy,Unfastened,LOW,9.4,True
EVT00230,2025-04-11 13:06:00,EXC002,Excavator,OP1053,day,normal,7.01,2.4,86.2,Windy,Fastened,HIGH,4.1,True
EVT00231,2025-04-11 13:20:00,EXC002,Excavator,OP1053,day,normal,4.05,10.8,89.9,Windy,Unfastened,LOW,6.0,True
EVT00232,2025-04-11 13:36:00,EXC002,Excavator,OP1053,day,normal,5.91,14.1,88.3,Windy,Unfastened,LOW,12.2,True
EVT00233,2025-04-11 14:08:00,EXC002,Excavator,OP1053,day,normal,8.97,21.1,87.5,Windy,Unfastened,LOW,1,False
EVT00234,2025-04-11 14:18:00,EXC002,Excavator,OP1053,day,normal,7.67,13.5,87.8,Windy,Unfastened,LOW,7.0,True
EVT00235,2025-04-11 14:24:00,EXC002,Excavator,OP1053,day,normal,6.1,10.7,91.7,Windy,Unfastened,LOW,6.0,True
EVT00236,2025-04-11 14:28:00,EXC002,Excavator,OP1053,day,normal,5.41,15.6,86.1,Windy,Unfastened,LOW,2.5,False
EVT00237,2025-04-11 15:12:00,EXC002,Excavator,OP1053,day,normal,8.18,13.2,87.7,Windy,Unfastened,LOW,1.6,True
EVT00238,2025-04-11 15:20:00,EXC002,Excavator,OP1053,day,normal,4.64,28.2,91.0,Windy,Unfastened,LOW,14.3,True
EVT00239,2025-04-11 15:30:00,EXC002,Excavator,OP1053,day,normal,4.89,27.8,89.3,Windy,Unfastened,LOW,6.4,False
EVT00240,2025-04-11 15:52:00,EXC002,Excavator,OP1053,day,normal,2.01,24.8,88.4,Windy,Unfastened,LOW,4.5,True
EVT00241,2025-04-11 15:54:00,EXC002,Excavator,OP1053,day,normal,6.32,0.5,84.9,Windy,Fastened,HIGH,8.3,False
EVT00242,2025-04-11 16:16:00,EXC002,Excavator,OP1053,day,normal,7.32,26.9,89.3,Windy,Unfastened,LOW,1,True
EVT00243,2025-04-11 16:26:00,EXC002,Excavator,OP1053,day,normal,5.34,32.1,82.0,Windy,Unfastened,LOW,9.4,True
EVT00244,2025-04-11 16:52:00,EXC002,Excavator,OP1053,day,normal,5.07,27.9,86.1,Windy,Unfastened,LOW,16.1,True
EVT00245,2025-04-11 17:10:00,EXC002,Excavator,OP1053,day,normal,4.29,16.7,87.1,Windy,Unfastened,LOW,1,True
EVT00246,2025-04-11 17:36:00,EXC002,Excavator,OP1053,day,normal,5.67,0.5,81.6,Windy,Fastened,HIGH,6.8,False
EVT00247,2025-04-11 17:42:00,EXC002,Excavator,OP1053,day,normal,6.53,14.1,83.7,Windy,Unfastened,LOW,11.0,True
EVT00248,2025-04-11 17:44:00,EXC002,Excavator,OP1053,day,normal,6.36,13.1,87.7,Windy,Unfastened,LOW,9.8,True
EVT00249,2025-04-11 17:50:00,EXC002,Excavator,OP1053,day,normal,6.4,25.0,87.1,Windy,Unfastened,LOW,8.7,False
EVT00250,2025-04-11 17:52:00,EXC002,Excavator,OP1053,day,normal,6.73,16.1,90.9,Windy,Unfastened,LOW,6.2,False
EVT00251,2025-04-11 17:58:00,EXC002,Excavator,OP1053,day,normal,5.34,21.9,89.4,Windy,Unfastened,LOW,12.8,False
EVT00252,2026-06-18 06:00:00,LDR002,Loader,OP1050,day,normal,3.93,27.2,40.2,Rainy,Unfastened,LOW,9.4,True
EVT00253,2026-06-18 06:04:00,LDR002,Loader,OP1050,day,normal,3.63,29.0,47.6,Rainy,Unfastened,LOW,8.8,False
EVT00254,2026-06-18 06:10:00,LDR002,Loader,OP1050,day,normal,2.69,12.6,58.9,Rainy,Unfastened,LOW,5.1,True
EVT00255,2026-06-18 07:00:00,LDR002,Loader,OP1050,day,normal,5.3,21.2,86.2,Rainy,Unfastened,LOW,6.7,False
EVT00256,2026-06-18 07:08:00,LDR002,Loader,OP1050,day,normal,3.64,13.2,89.5,Rainy,Unfastened,LOW,8.3,True
EVT00257,2026-06-18 07:40:00,LDR002,Loader,OP1050,day,normal,3.96,19.2,85.5,Rainy,Unfastened,LOW,6.7,True
EVT00258,2026-06-18 07:44:00,LDR002,Loader,OP1050,day,normal,2.43,24.1,87.1,Rainy,Unfastened,LOW,8.9,False
EVT00259,2026-06-18 08:02:00,LDR002,Loader,OP1050,day,normal,6.11,0.5,89.7,Rainy,Unfastened,HIGH,9.8,True
EVT00260,2026-06-18 08:10:00,LDR002,Loader,OP1050,day,normal,4.61,0.5,93.0,Rainy,Unfastened,MEDIUM,6.9,True
EVT00261,2026-06-18 08:32:00,LDR002,Loader,OP1050,day,normal,5.45,2.1,86.7,Rainy,Fastened,HIGH,9.6,False
EVT00262,2026-06-18 08:58:00,LDR002,Loader,OP1050,day,normal,4.25,19.6,87.0,Rainy,Unfastened,LOW,6.7,True
EVT00263,2026-06-18 09:10:00,LDR002,Loader,OP1050,day,normal,3.91,9.0,84.3,Rainy,Unfastened,LOW,7.1,True
EVT00264,2026-06-18 10:10:00,LDR002,Loader,OP1050,day,normal,3.35,7.8,84.6,Rainy,Unfastened,MEDIUM,5.6,True
EVT00265,2026-06-18 11:32:00,LDR002,Loader,OP1050,day,normal,3.37,26.5,89.6,Rainy,Unfastened,LOW,9.8,True
EVT00266,2026-06-18 11:40:00,LDR002,Loader,OP1050,day,normal,3.35,13.2,83.0,Rainy,Unfastened,LOW,8.8,True
EVT00267,2026-06-18 11:46:00,LDR002,Loader,OP1050,day,normal,4.89,12.6,85.7,Rainy,Unfastened,LOW,6.8,True
EVT00268,2026-06-18 11:54:00,LDR002,Loader,OP1050,day,temp_spike,3.51,21.8,107.2,Rainy,Fastened,MEDIUM,1,False
EVT00269,2026-06-18 11:56:00,LDR002,Loader,OP1050,day,temp_spike,3.99,20.1,108.3,Rainy,Fastened,MEDIUM,3.7,True
EVT00270,2026-06-18 11:58:00,LDR002,Loader,OP1050,day,temp_spike,7.23,18.1,113.1,Rainy,Fastened,MEDIUM,3.6,False
EVT00271,2026-06-18 12:00:00,LDR002,Loader,OP1050,day,temp_spike,3.46,9.6,109.3,Rainy,Fastened,MEDIUM,7.0,True
EVT00272,2026-06-18 12:02:00,LDR002,Loader,OP1050,day,temp_spike,0.78,15.9,109.0,Rainy,Fastened,MEDIUM,3.9,True
EVT00273,2026-06-18 12:04:00,LDR002,Loader,OP1050,day,temp_spike,4.07,0.5,120.7,Rainy,Unfastened,MEDIUM,5.0,True
EVT00274,2026-06-18 12:08:00,LDR002,Loader,OP1050,day,temp_spike,1.7,13.1,106.3,Rainy,Unfastened,MEDIUM,6.4,True
EVT00275,2026-06-18 12:12:00,LDR002,Loader,OP1050,day,temp_spike,1.43,23.6,110.7,Rainy,Fastened,MEDIUM,7.1,True
EVT00276,2026-06-18 12:14:00,LDR002,Loader,OP1050,day,temp_spike,4.98,16.3,116.8,Rainy,Fastened,MEDIUM,5.7,True
EVT00277,2026-06-18 12:16:00,LDR002,Loader,OP1050,day,temp_spike,4.58,19.3,117.0,Rainy,Fastened,MEDIUM,5.4,True
EVT00278,2026-06-18 12:18:00,LDR002,Loader,OP1050,day,temp_spike,2.51,7.4,110.7,Rainy,Fastened,MEDIUM,3.5,True
EVT00279,2026-06-18 12:22:00,LDR002,Loader,OP1050,day,temp_spike,5.35,17.8,111.2,Rainy,Fastened,MEDIUM,5.9,True
EVT00280,2026-06-18 12:24:00,LDR002,Loader,OP1050,day,temp_spike,1.53,23.1,109.0,Rainy,Fastened,MEDIUM,7.4,True
EVT00281,2026-06-18 12:28:00,LDR002,Loader,OP1050,day,temp_spike,5.89,23.1,112.3,Rainy,Fastened,MEDIUM,6.5,True
EVT00282,2026-06-18 12:30:00,LDR002,Loader,OP1050,day,temp_spike,6.1,15.2,111.3,Rainy,Fastened,MEDIUM,8.4,True
EVT00283,2026-06-18 12:32:00,LDR002,Loader,OP1050,day,temp_spike,4.77,6.3,109.2,Rainy,Fastened,MEDIUM,8.0,False
EVT00284,2026-06-18 12:34:00,LDR002,Loader,OP1050,day,temp_spike,2.87,14.7,108.9,Rainy,Fastened,MEDIUM,9.8,False
EVT00285,2026-06-18 12:54:00,LDR002,Loader,OP1050,day,normal,3.29,15.0,90.9,Rainy,Unfastened,LOW,6.9,True
EVT00286,2026-06-18 13:24:00,LDR002,Loader,OP1050,day,normal,4.18,17.9,92.6,Rainy,Unfastened,LOW,7.7,True
EVT00287,2026-06-18 13:26:00,LDR002,Loader,OP1050,day,normal,2.6,9.3,87.8,Rainy,Unfastened,LOW,9.3,True
EVT00288,2026-06-18 13:52:00,LDR002,Loader,OP1050,day,normal,3.88,26.7,87.8,Rainy,Unfastened,LOW,8.5,True
EVT00289,2026-06-18 14:04:00,LDR002,Loader,OP1050,day,normal,2.99,7.8,87.5,Rainy,Unfastened,MEDIUM,7.4,False
EVT00290,2026-06-18 14:28:00,LDR002,Loader,OP1050,day,normal,4.98,18.3,84.7,Rainy,Unfastened,LOW,3.8,True
EVT00291,2026-06-18 14:34:00,LDR002,Loader,OP1050,day,normal,3.47,18.0,85.6,Rainy,Unfastened,LOW,1,True
EVT00292,2026-06-18 14:42:00,LDR002,Loader,OP1050,day,normal,5.49,21.2,81.8,Rainy,Unfastened,LOW,11.6,True
EVT00293,2026-06-18 14:48:00,LDR002,Loader,OP1050,day,normal,2.25,18.3,84.3,Rainy,Unfastened,LOW,4.7,True
EVT00294,2026-06-18 15:02:00,LDR002,Loader,OP1050,day,normal,4.34,15.9,87.5,Rainy,Unfastened,LOW,8.4,True
EVT00295,2026-06-18 15:42:00,LDR002,Loader,OP1050,day,normal,3.45,15.3,91.5,Rainy,Unfastened,LOW,9.7,True
EVT00296,2026-06-18 15:46:00,LDR002,Loader,OP1050,day,normal,8.39,4.6,91.6,Rainy,Fastened,MEDIUM,11.0,True
EVT00297,2026-06-18 16:08:00,LDR002,Loader,OP1050,day,temp_spike,4.29,8.2,110.2,Rainy,Fastened,MEDIUM,13.0,True
EVT00298,2026-06-18 16:14:00,LDR002,Loader,OP1050,day,temp_spike,3.74,9.0,113.2,Rainy,Fastened,MEDIUM,8.8,False
EVT00299,2026-06-18 16:36:00,LDR002,Loader,OP1050,day,normal,5.4,27.9,84.2,Rainy,Unfastened,LOW,10.2,True
EVT00300,2026-06-18 16:54:00,LDR002,Loader,OP1050,day,normal,3.69,24.5,88.9,Rainy,Unfastened,LOW,4.3,True
EVT00301,2026-06-18 16:56:00,LDR002,Loader,OP1050,day,normal,4.14,18.5,87.3,Rainy,Unfastened,LOW,1,True
EVT00302,2026-06-18 17:04:00,LDR002,Loader,OP1050,day,normal,5.78,7.4,84.9,Rainy,Unfastened,MEDIUM,2.5,True
EVT00303,2025-10-03 18:08:00,LDR002,Loader,OP1009,night,normal,5.17,23.2,44.8,Cloudy,Unfastened,LOW,5.9,True
EVT00304,2025-10-03 18:12:00,LDR002,Loader,OP1009,night,normal,5.01,9.8,54.8,Cloudy,Unfastened,LOW,8.6,True
EVT00305,2025-10-03 19:22:00,LDR002,Loader,OP1009,night,normal,7.24,10.6,90.6,Cloudy,Unfastened,LOW,5.4,False
EVT00306,2025-10-03 19:30:00,LDR002,Loader,OP1009,night,normal,7.35,0.9,92.1,Cloudy,Fastened,HIGH,6.1,True
EVT00307,2025-10-03 19:32:00,LDR002,Loader,OP1009,night,normal,6.42,13.6,88.7,Cloudy,Unfastened,LOW,7.0,True
EVT00308,2025-10-03 19:34:00,LDR002,Loader,OP1009,night,normal,5.39,12.3,87.5,Cloudy,Unfastened,LOW,5.0,True
EVT00309,2025-10-03 20:46:00,LDR002,Loader,OP1009,night,proximity_breach,8.1,1.7,81.5,Cloudy,Fastened,HIGH,6.8,True
EVT00310,2025-10-03 20:48:00,LDR002,Loader,OP1009,night,proximity_breach,9.32,1.3,93.3,Cloudy,Fastened,HIGH,1.9,True
EVT00311,2025-10-03 20:50:00,LDR002,Loader,OP1009,night,proximity_breach,10.0,2.8,80.0,Cloudy,Fastened,HIGH,6.6,False
EVT00312,2025-10-03 20:52:00,LDR002,Loader,OP1009,night,proximity_breach,9.69,2.6,90.8,Cloudy,Fastened,HIGH,7.6,True
EVT00313,2025-10-03 20:54:00,LDR002,Loader,OP1009,night,proximity_breach,7.1,1.1,90.9,Cloudy,Fastened,HIGH,9.8,True
EVT00314,2025-10-03 20:56:00,LDR002,Loader,OP1009,night,proximity_breach,8.26,1.1,88.4,Cloudy,Fastened,HIGH,7.5,True
EVT00315,2025-10-03 21:02:00,LDR002,Loader,OP1009,night,proximity_breach,8.77,1.9,88.2,Cloudy,Fastened,HIGH,6.4,True
EVT00316,2025-10-03 21:04:00,LDR002,Loader,OP1009,night,proximity_breach,9.0,2.8,91.4,Cloudy,Fastened,HIGH,7.8,False
EVT00317,2025-10-03 21:06:00,LDR002,Loader,OP1009,night,proximity_breach,7.36,2.5,84.5,Cloudy,Fastened,HIGH,22.0,True
EVT00318,2025-10-03 21:08:00,LDR002,Loader,OP1009,night,proximity_breach,5.23,2.2,88.2,Cloudy,Fastened,HIGH,9.6,True
EVT00319,2025-10-03 21:10:00,LDR002,Loader,OP1009,night,proximity_breach,6.62,2.3,88.2,Cloudy,Fastened,HIGH,8.9,True
EVT00320,2025-10-03 21:12:00,LDR002,Loader,OP1009,night,proximity_breach,4.17,0.3,86.5,Cloudy,Unfastened,MEDIUM,4.5,True
EVT00321,2025-10-03 21:14:00,LDR002,Loader,OP1009,night,proximity_breach,9.41,1.3,88.2,Cloudy,Fastened,HIGH,12.4,True
EVT00322,2025-10-03 21:16:00,LDR002,Loader,OP1009,night,proximity_breach,7.74,2.5,90.9,Cloudy,Fastened,HIGH,9.5,True
EVT00323,2025-10-03 21:18:00,LDR002,Loader,OP1009,night,proximity_breach,7.6,2.6,88.9,Cloudy,Fastened,HIGH,8.5,True
EVT00324,2025-10-03 21:20:00,LDR002,Loader,OP1009,night,proximity_breach,6.93,2.3,89.3,Cloudy,Fastened,HIGH,10.0,True
EVT00325,2025-10-03 21:24:00,LDR002,Loader,OP1009,night,proximity_breach,9.29,2.8,84.6,Cloudy,Fastened,HIGH,14.5,True
EVT00326,2025-10-03 21:26:00,LDR002,Loader,OP1009,night,proximity_breach,6.79,1.2,85.6,Cloudy,Fastened,HIGH,6.2,False
EVT00327,2025-10-03 21:28:00,LDR002,Loader,OP1009,night,proximity_breach,7.46,1.3,84.9,Cloudy,Fastened,HIGH,6.0,True
EVT00328,2025-10-03 21:44:00,LDR002,Loader,OP1009,night,normal,5.16,3.4,91.3,Cloudy,Unfastened,MEDIUM,4.4,False
EVT00329,2025-10-03 22:18:00,LDR002,Loader,OP1009,night,normal,7.04,22.1,89.2,Cloudy,Unfastened,LOW,11.5,True
EVT00330,2025-10-03 22:20:00,LDR002,Loader,OP1009,night,normal,7.83,18.6,82.8,Cloudy,Unfastened,LOW,7.0,True
EVT00331,2025-10-03 22:22:00,LDR002,Loader,OP1009,night,normal,6.86,1.3,85.7,Cloudy,Fastened,HIGH,5.9,False
EVT00332,2025-10-03 23:10:00,LDR002,Loader,OP1009,night,normal,6.15,0.5,93.0,Cloudy,Fastened,HIGH,6.7,True
EVT00333,2025-10-03 23:28:00,LDR002,Loader,OP1009,night,normal,6.05,11.4,91.3,Cloudy,Unfastened,LOW,6.0,False
EVT00334,2025-10-03 23:32:00,LDR002,Loader,OP1009,night,normal,5.4,18.7,91.6,Cloudy,Unfastened,LOW,6.2,True
EVT00335,2025-10-03 23:50:00,LDR002,Loader,OP1009,night,normal,4.68,14.7,87.8,Cloudy,Unfastened,LOW,2.1,True
EVT00336,2025-10-04 00:00:00,LDR002,Loader,OP1009,night,normal,5.56,2.6,87.4,Cloudy,Fastened,HIGH,6.4,True
EVT00337,2025-10-04 00:16:00,LDR002,Loader,OP1009,night,normal,6.25,9.8,85.9,Cloudy,Unfastened,LOW,8.3,True
EVT00338,2025-10-04 00:22:00,LDR002,Loader,OP1009,night,normal,5.81,18.4,91.8,Cloudy,Unfastened,LOW,6.1,True
EVT00339,2025-10-04 00:44:00,LDR002,Loader,OP1009,night,normal,5.1,1.8,81.3,Cloudy,Fastened,HIGH,9.7,True
EVT00340,2025-10-04 00:54:00,LDR002,Loader,OP1009,night,normal,7.19,11.3,85.7,Cloudy,Unfastened,LOW,6.4,True
EVT00341,2025-10-04 01:02:00,LDR002,Loader,OP1009,night,normal,3.62,20.3,83.7,Cloudy,Unfastened,LOW,8.5,False
EVT00342,2025-10-04 01:32:00,LDR002,Loader,OP1009,night,normal,8.3,1.0,89.4,Cloudy,Fastened,HIGH,11.3,True
EVT00343,2025-10-04 01:52:00,LDR002,Loader,OP1009,night,normal,5.92,9.2,88.0,Cloudy,Unfastened,LOW,9.4,True
EVT00344,2025-10-04 02:16:00,LDR002,Loader,OP1009,night,normal,6.98,21.5,87.5,Cloudy,Unfastened,LOW,2.9,True
EVT00345,2025-10-04 02:22:00,LDR002,Loader,OP1009,night,normal,5.77,22.4,86.2,Cloudy,Unfastened,LOW,14.0,False
EVT00346,2025-10-04 02:28:00,LDR002,Loader,OP1009,night,normal,4.15,11.5,90.9,Cloudy,Unfastened,LOW,5.1,True
EVT00347,2025-10-04 02:40:00,LDR002,Loader,OP1009,night,normal,8.26,14.3,86.5,Cloudy,Unfastened,LOW,4.7,False
EVT00348,2025-10-04 03:02:00,LDR002,Loader,OP1009,night,normal,7.11,13.0,89.2,Cloudy,Unfastened,LOW,5.8,True
EVT00349,2025-10-04 03:12:00,LDR002,Loader,OP1009,night,normal,6.48,0.5,88.3,Cloudy,Unfastened,HIGH,3.3,True
EVT00350,2025-10-04 04:42:00,LDR002,Loader,OP1009,night,normal,2.96,5.4,88.7,Cloudy,Unfastened,MEDIUM,4.3,False
EVT00351,2025-10-04 04:58:00,LDR002,Loader,OP1009,night,normal,3.29,18.7,88.1,Cloudy,Unfastened,LOW,15.6,True
EVT00352,2025-09-23 06:10:00,EXC005,Excavator,OP1044,day,normal,7.17,12.4,55.7,Windy,Unfastened,LOW,8.4,True
EVT00353,2025-09-23 06:14:00,EXC005,Excavator,OP1044,day,normal,5.73,16.2,64.0,Windy,Unfastened,LOW,9.4,False
EVT00354,2025-09-23 06:38:00,EXC005,Excavator,OP1044,day,normal,2.26,16.9,90.9,Windy,Unfastened,LOW,1.3,False
EVT00355,2025-09-23 07:12:00,EXC005,Excavator,OP1044,day,normal,2.97,14.6,82.9,Windy,Unfastened,LOW,7.5,False
EVT00356,2025-09-23 07:22:00,EXC005,Excavator,OP1044,day,normal,7.49,21.9,88.8,Windy,Unfastened,LOW,9.1,True
EVT00357,2025-09-23 07:26:00,EXC005,Excavator,OP1044,day,normal,6.22,19.3,87.1,Windy,Unfastened,LOW,13.7,True
EVT00358,2025-09-23 07:36:00,EXC005,Excavator,OP1044,day,normal,7.34,20.0,83.6,Windy,Unfastened,LOW,2.6,False
EVT00359,2025-09-23 08:58:00,EXC005,Excavator,OP1044,day,normal,5.83,22.2,88.2,Windy,Unfastened,LOW,5.3,True
EVT00360,2025-09-23 09:32:00,EXC005,Excavator,OP1044,day,normal,7.96,19.1,85.1,Windy,Unfastened,LOW,8.3,True
EVT00361,2025-09-23 10:24:00,EXC005,Excavator,OP1044,day,normal,7.54,15.7,85.2,Windy,Unfastened,LOW,8.8,True
EVT00362,2025-09-23 10:30:00,EXC005,Excavator,OP1044,day,normal,3.83,14.1,84.6,Windy,Unfastened,LOW,8.0,True
EVT00363,2025-09-23 10:32:00,EXC005,Excavator,OP1044,day,normal,4.57,22.3,85.2,Windy,Unfastened,LOW,3.5,False
EVT00364,2025-09-23 10:56:00,EXC005,Excavator,OP1044,day,normal,4.77,11.4,87.5,Windy,Unfastened,LOW,4.9,False
EVT00365,2025-09-23 11:20:00,EXC005,Excavator,OP1044,day,high_fuel,3.24,21.7,86.1,Windy,Unfastened,LOW,13.0,True
EVT00366,2025-09-23 11:40:00,EXC005,Excavator,OP1044,day,high_fuel,3.8,12.4,92.6,Windy,Unfastened,LOW,1,True
EVT00367,2025-09-23 11:50:00,EXC005,Excavator,OP1044,day,high_fuel,2.39,18.9,87.4,Windy,Unfastened,LOW,6.1,False
EVT00368,2025-09-23 11:54:00,EXC005,Excavator,OP1044,day,high_fuel,8.33,23.8,82.8,Windy,Unfastened,LOW,2.7,True
EVT00369,2025-09-23 12:06:00,EXC005,Excavator,OP1044,day,high_fuel,5.93,16.5,82.9,Windy,Unfastened,LOW,9.7,True
EVT00370,2025-09-23 12:08:00,EXC005,Excavator,OP1044,day,normal,6.3,1.6,88.5,Windy,Fastened,HIGH,5.5,True
EVT00371,2025-09-23 12:38:00,EXC005,Excavator,OP1044,day,normal,5.17,5.9,85.6,Windy,Unfastened,MEDIUM,6.9,True
EVT00372,2025-09-23 13:04:00,EXC005,Excavator,OP1044,day,normal,2.92,11.8,91.4,Windy,Unfastened,LOW,10.9,True
EVT00373,2025-09-23 13:38:00,EXC005,Excavator,OP1044,day,normal,6.35,2.3,87.6,Windy,Fastened,HIGH,7.5,True
EVT00374,2025-09-23 14:10:00,EXC005,Excavator,OP1044,day,normal,5.91,18.7,88.9,Windy,Unfastened,LOW,6.7,True
EVT00375,2025-09-23 14:14:00,EXC005,Excavator,OP1044,day,normal,5.65,2.6,87.4,Windy,Fastened,HIGH,5.2,True
EVT00376,2025-09-23 14:36:00,EXC005,Excavator,OP1044,day,normal,4.45,6.0,89.6,Windy,Unfastened,MEDIUM,6.1,True
EVT00377,2025-09-23 14:48:00,EXC005,Excavator,OP1044,day,normal,5.87,0.5,83.8,Windy,Fastened,HIGH,5.5,True
EVT00378,2025-09-23 15:46:00,EXC005,Excavator,OP1044,day,high_fuel,5.33,21.6,83.5,Windy,Unfastened,LOW,6.4,False
EVT00379,2025-09-23 16:16:00,EXC005,Excavator,OP1044,day,normal,7.45,32.0,87.6,Windy,Unfastened,LOW,1.8,True
EVT00380,2025-09-23 16:18:00,EXC005,Excavator,OP1044,day,normal,8.67,0.5,81.8,Windy,Unfastened,HIGH,1,True
EVT00381,2025-09-23 16:36:00,EXC005,Excavator,OP1044,day,normal,3.54,17.7,86.7,Windy,Unfastened,LOW,10.8,True
EVT00382,2025-09-23 16:56:00,EXC005,Excavator,OP1044,day,normal,4.63,1.3,82.9,Windy,Unfastened,MEDIUM,3.4,True
EVT00383,2025-09-23 17:28:00,EXC005,Excavator,OP1044,day,normal,6.12,17.5,87.7,Windy,Unfastened,LOW,3.9,True
EVT00384,2025-09-23 17:48:00,EXC005,Excavator,OP1044,day,normal,4.14,27.8,88.6,Windy,Unfastened,LOW,9.5,True
EVT00385,2025-09-23 17:54:00,EXC005,Excavator,OP1044,day,normal,5.97,0.5,88.6,Windy,Fastened,HIGH,9.4,True
EVT00386,2025-07-21 18:40:00,GRD003,Grader,OP1056,night,normal,3.96,23.7,85.4,Rainy,Unfastened,LOW,11.8,True
EVT00387,2025-07-21 18:50:00,GRD003,Grader,OP1056,night,normal,2.16,0.5,87.9,Rainy,Unfastened,MEDIUM,5.1,True
EVT00388,2025-07-21 19:10:00,GRD003,Grader,OP1056,night,normal,3.05,22.5,90.9,Rainy,Unfastened,LOW,1,True
EVT00389,2025-07-21 19:38:00,GRD003,Grader,OP1056,night,normal,4.35,9.5,94.4,Rainy,Unfastened,LOW,10.2,False
EVT00390,2025-07-21 19:56:00,GRD003,Grader,OP1056,night,normal,6.7,2.5,84.8,Rainy,Fastened,HIGH,1,True
EVT00391,2025-07-21 20:20:00,GRD003,Grader,OP1056,night,normal,4.35,30.3,81.8,Rainy,Unfastened,LOW,4.5,False
EVT00392,2025-07-21 20:28:00,GRD003,Grader,OP1056,night,normal,4.59,8.4,84.9,Rainy,Unfastened,LOW,3.6,True
EVT00393,2025-07-21 21:00:00,GRD003,Grader,OP1056,night,normal,2.77,10.6,88.8,Rainy,Unfastened,LOW,4.5,True
EVT00394,2025-07-21 21:40:00,GRD003,Grader,OP1056,night,normal,3.39,38.0,85.3,Rainy,Unfastened,LOW,6.7,False
EVT00395,2025-07-21 21:44:00,GRD003,Grader,OP1056,night,normal,4.23,23.8,90.3,Rainy,Unfastened,LOW,13.5,True
EVT00396,2025-07-21 22:02:00,GRD003,Grader,OP1056,night,temp_spike,3.88,14.0,115.6,Rainy,Fastened,MEDIUM,4.9,True
EVT00397,2025-07-21 22:04:00,GRD003,Grader,OP1056,night,temp_spike,4.07,9.3,110.1,Rainy,Unfastened,MEDIUM,10.2,True
EVT00398,2025-07-21 22:06:00,GRD003,Grader,OP1056,night,temp_spike,2.65,22.3,111.6,Rainy,Fastened,MEDIUM,3.5,True
EVT00399,2025-07-21 22:08:00,GRD003,Grader,OP1056,night,temp_spike,3.21,20.5,108.7,Rainy,Fastened,MEDIUM,5.3,True
EVT00400,2025-07-21 22:10:00,GRD003,Grader,OP1056,night,temp_spike,4.95,20.7,111.2,Rainy,Fastened,MEDIUM,7.9,False
EVT00401,2025-07-21 22:14:00,GRD003,Grader,OP1056,night,temp_spike,2.62,18.2,111.4,Rainy,Fastened,MEDIUM,10.7,True
EVT00402,2025-07-21 22:16:00,GRD003,Grader,OP1056,night,temp_spike,3.66,17.7,107.9,Rainy,Unfastened,MEDIUM,11.4,True
EVT00403,2025-07-21 22:18:00,GRD003,Grader,OP1056,night,temp_spike,4.11,24.4,112.6,Rainy,Unfastened,MEDIUM,2.8,True
EVT00404,2025-07-21 22:20:00,GRD003,Grader,OP1056,night,temp_spike,3.22,19.9,111.8,Rainy,Fastened,MEDIUM,4.9,False
EVT00405,2025-07-21 22:22:00,GRD003,Grader,OP1056,night,temp_spike,5.21,6.6,111.3,Rainy,Fastened,MEDIUM,5.1,True
EVT00406,2025-07-21 22:24:00,GRD003,Grader,OP1056,night,temp_spike,4.4,19.8,104.0,Rainy,Unfastened,MEDIUM,7.7,True
EVT00407,2025-07-21 22:26:00,GRD003,Grader,OP1056,night,temp_spike,8.03,17.5,109.4,Rainy,Fastened,MEDIUM,5.7,False
EVT00408,2025-07-21 22:28:00,GRD003,Grader,OP1056,night,temp_spike,4.95,14.6,108.6,Rainy,Fastened,MEDIUM,4.9,True
EVT00409,2025-07-21 22:30:00,GRD003,Grader,OP1056,night,temp_spike,3.58,36.1,102.3,Rainy,Unfastened,MEDIUM,1,True
EVT00410,2025-07-21 22:32:00,GRD003,Grader,OP1056,night,temp_spike,4.08,26.9,113.6,Rainy,Fastened,MEDIUM,2.2,False
EVT00411,2025-07-21 22:34:00,GRD003,Grader,OP1056,night,temp_spike,3.87,24.0,111.6,Rainy,Fastened,MEDIUM,7.2,True
EVT00412,2025-07-21 22:36:00,GRD003,Grader,OP1056,night,temp_spike,3.53,7.1,111.4,Rainy,Fastened,MEDIUM,15.0,True
EVT00413,2025-07-21 22:38:00,GRD003,Grader,OP1056,night,temp_spike,4.29,13.5,106.4,Rainy,Fastened,MEDIUM,7.2,True
EVT00414,2025-07-21 22:40:00,GRD003,Grader,OP1056,night,temp_spike,1.68,13.7,108.8,Rainy,Fastened,MEDIUM,2.6,True
EVT00415,2025-07-21 22:42:00,GRD003,Grader,OP1056,night,temp_spike,3.67,10.9,106.7,Rainy,Fastened,MEDIUM,1,False
EVT00416,2025-07-21 22:44:00,GRD003,Grader,OP1056,night,temp_spike,4.38,17.5,106.8,Rainy,Fastened,MEDIUM,10.8,True
EVT00417,2025-07-21 23:20:00,GRD003,Grader,OP1056,night,normal,4.42,8.3,85.6,Rainy,Unfastened,LOW,7.6,True
EVT00418,2025-07-21 23:58:00,GRD003,Grader,OP1056,night,erratic_accel,4.06,18.5,89.9,Rainy,Unfastened,LOW,7.0,False
EVT00419,2025-07-22 00:10:00,GRD003,Grader,OP1056,night,normal,2.67,7.7,86.2,Rainy,Unfastened,MEDIUM,4.6,True
EVT00420,2025-07-22 00:12:00,GRD003,Grader,OP1056,night,normal,3.79,25.7,85.2,Rainy,Unfastened,LOW,3.7,True
EVT00421,2025-07-22 00:24:00,GRD003,Grader,OP1056,night,normal,5.21,18.3,82.3,Rainy,Unfastened,LOW,12.1,True
EVT00422,2025-07-22 00:42:00,GRD003,Grader,OP1056,night,normal,2.4,0.7,83.0,Rainy,Unfastened,MEDIUM,7.1,True
EVT00423,2025-07-22 01:00:00,GRD003,Grader,OP1056,night,erratic_accel,3.86,10.1,86.1,Rainy,Unfastened,LOW,5.8,True
EVT00424,2025-07-22 01:34:00,GRD003,Grader,OP1056,night,erratic_accel,5.24,2.6,81.4,Rainy,Fastened,HIGH,8.6,True
EVT00425,2025-07-22 01:52:00,GRD003,Grader,OP1056,night,erratic_accel,3.7,18.5,85.9,Rainy,Unfastened,LOW,3.9,True
EVT00426,2025-07-22 02:10:00,GRD003,Grader,OP1056,night,normal,5.07,28.5,84.6,Rainy,Unfastened,LOW,8.4,True
EVT00427,2025-07-22 02:14:00,GRD003,Grader,OP1056,night,normal,5.66,31.6,88.2,Rainy,Unfastened,LOW,2.8,True
EVT00428,2025-07-22 02:18:00,GRD003,Grader,OP1056,night,normal,5.16,4.5,83.6,Rainy,Unfastened,MEDIUM,5.0,True
EVT00429,2025-07-22 02:22:00,GRD003,Grader,OP1056,night,normal,3.56,19.1,83.9,Rainy,Unfastened,LOW,11.0,True
EVT00430,2025-07-22 02:42:00,GRD003,Grader,OP1056,night,normal,2.76,20.5,83.9,Rainy,Unfastened,LOW,4.3,False
EVT00431,2025-07-22 02:50:00,GRD003,Grader,OP1056,night,normal,3.14,30.3,87.7,Rainy,Unfastened,LOW,2.6,True
EVT00432,2025-07-22 03:20:00,GRD003,Grader,OP1056,night,normal,4.15,16.6,85.2,Rainy,Unfastened,LOW,1.3,True
EVT00433,2025-07-22 03:34:00,GRD003,Grader,OP1056,night,normal,5.63,15.5,86.1,Rainy,Unfastened,LOW,9.9,False
EVT00434,2025-07-22 04:06:00,GRD003,Grader,OP1056,night,normal,4.43,17.3,86.4,Rainy,Unfastened,LOW,3.5,False
EVT00435,2025-07-22 04:20:00,GRD003,Grader,OP1056,night,normal,5.62,21.4,82.4,Rainy,Unfastened,LOW,9.0,True
EVT00436,2025-07-22 04:22:00,GRD003,Grader,OP1056,night,normal,3.53,4.5,88.4,Rainy,Unfastened,MEDIUM,1.9,True
EVT00437,2025-07-22 05:20:00,GRD003,Grader,OP1056,night,normal,4.21,20.9,89.6,Rainy,Unfastened,LOW,8.1,False
EVT00438,2025-07-22 05:32:00,GRD003,Grader,OP1056,night,normal,4.98,7.9,86.8,Rainy,Unfastened,MEDIUM,9.1,True
EVT00439,2025-11-20 06:48:00,EXC002,Excavator,OP1029,day,normal,2.82,29.3,88.6,Sunny,Unfastened,LOW,7.8,True
EVT00440,2025-11-20 07:52:00,EXC002,Excavator,OP1029,day,normal,7.26,18.2,83.5,Sunny,Unfastened,LOW,6.3,False
EVT00441,2025-11-20 08:14:00,EXC002,Excavator,OP1029,day,normal,3.7,15.1,86.0,Sunny,Unfastened,LOW,1,True
EVT00442,2025-11-20 08:46:00,EXC002,Excavator,OP1029,day,overspeed,12.8,2.0,88.9,Sunny,Fastened,HIGH,2.7,True
EVT00443,2025-11-20 09:34:00,EXC002,Excavator,OP1029,day,normal,4.79,25.4,85.1,Sunny,Unfastened,LOW,2.1,True
EVT00444,2025-11-20 09:36:00,EXC002,Excavator,OP1029,day,normal,5.5,15.2,81.8,Sunny,Unfastened,LOW,11.5,True
EVT00445,2025-11-20 09:38:00,EXC002,Excavator,OP1029,day,normal,4.88,20.5,87.1,Sunny,Unfastened,LOW,7.6,True
EVT00446,2025-11-20 09:42:00,EXC002,Excavator,OP1029,day,normal,3.65,26.6,86.6,Sunny,Unfastened,LOW,3.1,False
EVT00447,2025-11-20 09:44:00,EXC002,Excavator,OP1029,day,normal,4.41,18.9,90.0,Sunny,Unfastened,LOW,7.1,False
EVT00448,2025-11-20 09:52:00,EXC002,Excavator,OP1029,day,normal,8.4,29.0,86.9,Sunny,Unfastened,LOW,3.2,True
EVT00449,2025-11-20 10:12:00,EXC002,Excavator,OP1029,day,normal,2.39,5.6,83.7,Sunny,Unfastened,MEDIUM,11.2,True
EVT00450,2025-11-20 10:40:00,EXC002,Excavator,OP1029,day,normal,5.69,7.9,90.1,Sunny,Unfastened,MEDIUM,15.9,True
EVT00451,2025-11-20 10:46:00,EXC002,Excavator,OP1029,day,normal,8.22,26.0,84.2,Sunny,Unfastened,LOW,5.9,True
EVT00452,2025-11-20 10:56:00,EXC002,Excavator,OP1029,day,normal,5.1,9.5,83.8,Sunny,Unfastened,LOW,12.2,True
EVT00453,2025-11-20 11:00:00,EXC002,Excavator,OP1029,day,normal,4.07,10.2,88.1,Sunny,Unfastened,LOW,6.7,True
EVT00454,2025-11-20 11:32:00,EXC002,Excavator,OP1029,day,normal,6.97,5.8,89.5,Sunny,Unfastened,MEDIUM,11.7,False
EVT00455,2025-11-20 11:50:00,EXC002,Excavator,OP1029,day,normal,6.34,7.7,86.8,Sunny,Unfastened,MEDIUM,1,True
EVT00456,2025-11-20 12:04:00,EXC002,Excavator,OP1029,day,normal,5.87,19.0,90.3,Sunny,Unfastened,LOW,6.8,True
EVT00457,2025-11-20 12:08:00,EXC002,Excavator,OP1029,day,normal,4.16,25.7,86.5,Sunny,Unfastened,LOW,8.6,False
EVT00458,2025-11-20 12:54:00,EXC002,Excavator,OP1029,day,normal,2.29,30.5,89.0,Sunny,Unfastened,LOW,4.9,True
EVT00459,2025-11-20 13:04:00,EXC002,Excavator,OP1029,day,normal,7.98,15.3,90.1,Sunny,Unfastened,LOW,3.1,True
EVT00460,2025-11-20 13:14:00,EXC002,Excavator,OP1029,day,normal,6.4,11.0,79.0,Sunny,Unfastened,LOW,4.6,True
EVT00461,2025-11-20 13:28:00,EXC002,Excavator,OP1029,day,normal,2.65,17.1,88.5,Sunny,Unfastened,LOW,8.0,True
EVT00462,2025-11-20 13:50:00,EXC002,Excavator,OP1029,day,normal,5.93,0.5,85.9,Sunny,Fastened,HIGH,16.5,True
EVT00463,2025-11-20 13:52:00,EXC002,Excavator,OP1029,day,normal,4.66,24.3,83.2,Sunny,Unfastened,LOW,6.2,True
EVT00464,2025-11-20 14:24:00,EXC002,Excavator,OP1029,day,normal,7.12,12.2,92.0,Sunny,Unfastened,LOW,8.6,True
EVT00465,2025-11-20 14:26:00,EXC002,Excavator,OP1029,day,normal,6.71,1.9,88.6,Sunny,Fastened,HIGH,3.8,False
EVT00466,2025-11-20 14:44:00,EXC002,Excavator,OP1029,day,proximity_breach,9.55,0.3,89.0,Sunny,Fastened,HIGH,10.5,True
EVT00467,2025-11-20 14:46:00,EXC002,Excavator,OP1029,day,proximity_breach,8.75,2.3,83.1,Sunny,Fastened,HIGH,1,True
EVT00468,2025-11-20 14:48:00,EXC002,Excavator,OP1029,day,proximity_breach,6.98,2.6,83.7,Sunny,Fastened,HIGH,5.9,True
EVT00469,2025-11-20 14:50:00,EXC002,Excavator,OP1029,day,proximity_breach,7.31,0.5,82.4,Sunny,Fastened,HIGH,9.3,True
EVT00470,2025-11-20 14:54:00,EXC002,Excavator,OP1029,day,proximity_breach,5.91,2.2,83.9,Sunny,Fastened,HIGH,2.8,True
EVT00471,2025-11-20 14:56:00,EXC002,Excavator,OP1029,day,proximity_breach,6.84,2.5,83.5,Sunny,Fastened,HIGH,7.5,True
EVT00472,2025-11-20 14:58:00,EXC002,Excavator,OP1029,day,proximity_breach,6.29,2.3,91.1,Sunny,Fastened,HIGH,17.6,False
EVT00473,2025-11-20 15:00:00,EXC002,Excavator,OP1029,day,proximity_breach,8.91,1.3,85.4,Sunny,Fastened,HIGH,2.6,False
EVT00474,2025-11-20 15:02:00,EXC002,Excavator,OP1029,day,proximity_breach,7.97,0.8,84.0,Sunny,Fastened,HIGH,7.7,True
EVT00475,2025-11-20 15:04:00,EXC002,Excavator,OP1029,day,proximity_breach,8.93,1.9,87.9,Sunny,Fastened,HIGH,5.6,True
EVT00476,2025-11-20 15:06:00,EXC002,Excavator,OP1029,day,proximity_breach,7.69,2.1,86.2,Sunny,Fastened,HIGH,10.7,True
EVT00477,2025-11-20 15:08:00,EXC002,Excavator,OP1029,day,proximity_breach,9.54,1.3,87.7,Sunny,Fastened,HIGH,9.7,True
EVT00478,2025-11-20 15:10:00,EXC002,Excavator,OP1029,day,proximity_breach,7.44,1.7,89.5,Sunny,Fastened,HIGH,7.1,True
EVT00479,2025-11-20 15:12:00,EXC002,Excavator,OP1029,day,proximity_breach,5.81,0.6,90.9,Sunny,Unfastened,HIGH,9.3,True
EVT00480,2025-11-20 15:14:00,EXC002,Excavator,OP1029,day,proximity_breach,5.69,1.8,83.4,Sunny,Fastened,HIGH,6.8,True
EVT00481,2025-11-20 15:18:00,EXC002,Excavator,OP1029,day,high_fuel,6.91,18.4,93.6,Sunny,Unfastened,LOW,4.8,True
EVT00482,2025-11-20 15:30:00,EXC002,Excavator,OP1029,day,high_fuel,5.6,12.2,88.3,Sunny,Unfastened,LOW,4.8,False
EVT00483,2025-11-20 15:34:00,EXC002,Excavator,OP1029,day,high_fuel,7.05,0.5,85.6,Sunny,Fastened,HIGH,10.1,False
EVT00484,2025-11-20 15:36:00,EXC002,Excavator,OP1029,day,high_fuel,3.44,26.1,91.8,Sunny,Unfastened,LOW,9.5,False
EVT00485,2025-11-20 15:48:00,EXC002,Excavator,OP1029,day,high_fuel,5.12,27.9,88.6,Sunny,Unfastened,LOW,13.5,True
EVT00486,2025-11-20 16:08:00,EXC002,Excavator,OP1029,day,normal,6.44,16.1,89.0,Sunny,Unfastened,LOW,13.1,False
EVT00487,2025-11-20 16:12:00,EXC002,Excavator,OP1029,day,normal,4.61,27.5,86.4,Sunny,Unfastened,LOW,16.3,False
EVT00488,2025-11-20 17:16:00,EXC002,Excavator,OP1029,day,normal,7.45,17.5,83.3,Sunny,Unfastened,LOW,14.0,True
EVT00489,2025-11-20 17:30:00,EXC002,Excavator,OP1029,day,normal,5.12,35.2,87.7,Sunny,Unfastened,LOW,6.3,False
EVT00490,2025-11-20 17:54:00,EXC002,Excavator,OP1029,day,normal,4.04,26.6,88.7,Sunny,Unfastened,LOW,5.7,True
EVT00491,2026-08-11 06:14:00,GRD002,Grader,OP1027,day,normal,6.62,0.5,61.0,Sunny,Fastened,HIGH,5.8,True
EVT00492,2026-08-11 06:26:00,GRD002,Grader,OP1027,day,normal,4.27,8.4,85.1,Sunny,Unfastened,LOW,4.6,True
EVT00493,2026-08-11 06:30:00,GRD002,Grader,OP1027,day,normal,3.87,15.7,85.0,Sunny,Unfastened,LOW,11.6,False
EVT00494,2026-08-11 06:38:00,GRD002,Grader,OP1027,day,normal,7.68,5.2,91.8,Sunny,Unfastened,MEDIUM,9.6,False
EVT00495,2026-08-11 06:44:00,GRD002,Grader,OP1027,day,normal,8.09,26.2,87.0,Sunny,Unfastened,LOW,4.7,True
EVT00496,2026-08-11 06:50:00,GRD002,Grader,OP1027,day,normal,5.63,19.5,85.9,Sunny,Unfastened,LOW,12.6,True
EVT00497,2026-08-11 07:28:00,GRD002,Grader,OP1027,day,normal,3.9,32.0,91.3,Sunny,Unfastened,LOW,1.0,False
EVT00498,2026-08-11 07:46:00,GRD002,Grader,OP1027,day,normal,5.46,16.8,84.2,Sunny,Unfastened,LOW,8.8,True
EVT00499,2026-08-11 07:58:00,GRD002,Grader,OP1027,day,normal,2.91,9.9,88.6,Sunny,Unfastened,LOW,9.2,True
EVT00500,2026-08-11 08:16:00,GRD002,Grader,OP1027,day,normal,4.84,7.2,86.6,Sunny,Unfastened,MEDIUM,12.2,False
EVT00501,2026-08-11 08:20:00,GRD002,Grader,OP1027,day,normal,6.35,17.0,84.3,Sunny,Unfastened,LOW,8.6,True
EVT00502,2026-08-11 08:46:00,GRD002,Grader,OP1027,day,normal,5.78,0.5,92.1,Sunny,Fastened,HIGH,1.5,True
EVT00503,2026-08-11 09:24:00,GRD002,Grader,OP1027,day,normal,5.92,2.7,93.5,Sunny,Fastened,HIGH,9.9,True
EVT00504,2026-08-11 09:30:00,GRD002,Grader,OP1027,day,normal,7.04,6.9,88.1,Sunny,Unfastened,MEDIUM,7.3,True
EVT00505,2026-08-11 09:44:00,GRD002,Grader,OP1027,day,normal,7.32,0.6,87.2,Sunny,Fastened,HIGH,6.2,True
EVT00506,2026-08-11 10:38:00,GRD002,Grader,OP1027,day,normal,4.74,25.2,87.2,Sunny,Unfastened,LOW,9.3,True
EVT00507,2026-08-11 10:40:00,GRD002,Grader,OP1027,day,normal,4.19,17.0,88.8,Sunny,Unfastened,LOW,1,True
EVT00508,2026-08-11 10:52:00,GRD002,Grader,OP1027,day,normal,9.5,24.2,85.0,Sunny,Unfastened,LOW,7.0,True
EVT00509,2026-08-11 10:58:00,GRD002,Grader,OP1027,day,normal,5.65,18.7,95.3,Sunny,Unfastened,LOW,5.2,False
EVT00510,2026-08-11 11:02:00,GRD002,Grader,OP1027,day,normal,4.19,5.6,87.7,Sunny,Unfastened,MEDIUM,1.7,False
EVT00511,2026-08-11 11:08:00,GRD002,Grader,OP1027,day,normal,10.42,20.8,89.6,Sunny,Unfastened,LOW,10.8,True
EVT00512,2026-08-11 11:10:00,GRD002,Grader,OP1027,day,normal,7.92,12.1,87.3,Sunny,Unfastened,LOW,8.2,True
EVT00513,2026-08-11 12:28:00,GRD002,Grader,OP1027,day,normal,6.36,0.5,86.0,Sunny,Fastened,HIGH,4.2,True
EVT00514,2026-08-11 12:38:00,GRD002,Grader,OP1027,day,normal,6.66,6.5,88.8,Sunny,Unfastened,MEDIUM,4.8,True
EVT00515,2026-08-11 12:42:00,GRD002,Grader,OP1027,day,normal,6.43,41.5,87.7,Sunny,Unfastened,LOW,1.1,True
EVT00516,2026-08-11 13:14:00,GRD002,Grader,OP1027,day,normal,7.47,23.6,93.2,Sunny,Unfastened,LOW,12.4,True
EVT00517,2026-08-11 13:16:00,GRD002,Grader,OP1027,day,normal,6.24,17.6,88.7,Sunny,Unfastened,LOW,1,False
EVT00518,2026-08-11 14:10:00,GRD002,Grader,OP1027,day,erratic_accel,4.47,13.6,88.2,Sunny,Unfastened,LOW,8.6,False
EVT00519,2026-08-11 14:30:00,GRD002,Grader,OP1027,day,normal,4.98,14.1,87.3,Sunny,Unfastened,LOW,3.9,False
EVT00520,2026-08-11 14:36:00,GRD002,Grader,OP1027,day,normal,4.41,3.4,86.6,Sunny,Unfastened,MEDIUM,10.0,True
EVT00521,2026-08-11 15:20:00,GRD002,Grader,OP1027,day,normal,7.75,15.5,84.5,Sunny,Unfastened,LOW,9.5,True
EVT00522,2026-08-11 15:22:00,GRD002,Grader,OP1027,day,normal,5.2,2.2,87.2,Sunny,Fastened,HIGH,12.1,True
EVT00523,2026-08-11 15:26:00,GRD002,Grader,OP1027,day,normal,6.52,20.2,90.1,Sunny,Unfastened,LOW,7.9,True
EVT00524,2026-08-11 15:32:00,GRD002,Grader,OP1027,day,normal,6.85,16.2,85.7,Sunny,Unfastened,LOW,8.8,True
EVT00525,2026-08-11 16:46:00,GRD002,Grader,OP1027,day,erratic_accel,5.39,17.8,89.5,Sunny,Unfastened,LOW,10.8,True
EVT00526,2026-08-11 16:54:00,GRD002,Grader,OP1027,day,erratic_accel,5.18,14.1,87.1,Sunny,Unfastened,LOW,8.0,True
EVT00527,2026-08-11 17:58:00,GRD002,Grader,OP1027,day,normal,4.93,3.6,81.1,Sunny,Unfastened,MEDIUM,9.9,True
EVT00528,2026-09-07 06:34:00,LDR001,Loader,OP1034,day,normal,2.23,19.6,87.6,Windy,Unfastened,LOW,2.1,True
EVT00529,2026-09-07 06:36:00,LDR001,Loader,OP1034,day,normal,6.84,1.9,93.3,Windy,Fastened,HIGH,10.4,True
EVT00530,2026-09-07 07:06:00,LDR001,Loader,OP1034,day,normal,5.81,23.3,84.7,Windy,Unfastened,LOW,6.1,True
EVT00531,2026-09-07 07:12:00,LDR001,Loader,OP1034,day,normal,6.56,11.9,90.8,Windy,Unfastened,LOW,9.7,True
EVT00532,2026-09-07 07:14:00,LDR001,Loader,OP1034,day,normal,6.85,8.6,90.1,Windy,Unfastened,LOW,6.2,True
EVT00533,2026-09-07 07:46:00,LDR001,Loader,OP1034,day,normal,7.16,14.5,82.2,Windy,Unfastened,LOW,11.9,True
EVT00534,2026-09-07 08:00:00,LDR001,Loader,OP1034,day,normal,3.31,26.5,87.1,Windy,Unfastened,LOW,6.1,False
EVT00535,2026-09-07 08:12:00,LDR001,Loader,OP1034,day,normal,6.89,1.8,88.4,Windy,Fastened,HIGH,8.1,True
EVT00536,2026-09-07 08:34:00,LDR001,Loader,OP1034,day,normal,5.29,44.9,87.0,Windy,Unfastened,LOW,3.5,True
EVT00537,2026-09-07 08:50:00,LDR001,Loader,OP1034,day,normal,7.71,0.5,83.1,Windy,Fastened,HIGH,7.2,False
EVT00538,2026-09-07 09:10:00,LDR001,Loader,OP1034,day,normal,5.86,14.3,83.4,Windy,Unfastened,LOW,12.7,True
EVT00539,2026-09-07 09:18:00,LDR001,Loader,OP1034,day,normal,6.39,6.6,83.8,Windy,Unfastened,MEDIUM,7.1,False
EVT00540,2026-09-07 09:32:00,LDR001,Loader,OP1034,day,normal,5.47,20.2,86.2,Windy,Unfastened,LOW,12.1,False
EVT00541,2026-09-07 09:52:00,LDR001,Loader,OP1034,day,normal,5.36,22.1,87.2,Windy,Unfastened,LOW,10.5,False
EVT00542,2026-09-07 10:06:00,LDR001,Loader,OP1034,day,normal,6.77,2.6,85.6,Windy,Fastened,HIGH,8.1,True
EVT00543,2026-09-07 10:40:00,LDR001,Loader,OP1034,day,overspeed,16.13,21.0,85.8,Windy,Unfastened,LOW,5.9,False
EVT00544,2026-09-07 10:42:00,LDR001,Loader,OP1034,day,overspeed,10.35,14.4,83.7,Windy,Unfastened,LOW,4.9,False
EVT00545,2026-09-07 11:18:00,LDR001,Loader,OP1034,day,normal,3.83,26.6,84.0,Windy,Unfastened,LOW,5.4,True
EVT00546,2026-09-07 11:20:00,LDR001,Loader,OP1034,day,normal,8.02,13.8,85.1,Windy,Unfastened,LOW,6.3,True
EVT00547,2026-09-07 11:22:00,LDR001,Loader,OP1034,day,normal,3.81,22.7,83.2,Windy,Unfastened,LOW,6.6,False
EVT00548,2026-09-07 12:04:00,LDR001,Loader,OP1034,day,normal,4.64,8.9,86.7,Windy,Unfastened,LOW,5.6,True
EVT00549,2026-09-07 12:28:00,LDR001,Loader,OP1034,day,normal,7.89,1.1,86.0,Windy,Fastened,HIGH,9.7,True
EVT00550,2026-09-07 12:54:00,LDR001,Loader,OP1034,day,normal,3.0,7.1,81.9,Windy,Unfastened,MEDIUM,1,True
EVT00551,2026-09-07 13:20:00,LDR001,Loader,OP1034,day,normal,7.15,22.9,87.5,Windy,Unfastened,LOW,6.0,False
EVT00552,2026-09-07 13:24:00,LDR001,Loader,OP1034,day,normal,3.69,20.2,80.6,Windy,Unfastened,LOW,6.9,True
EVT00553,2026-09-07 14:24:00,LDR001,Loader,OP1034,day,normal,6.45,1.3,86.7,Windy,Fastened,HIGH,9.7,False
EVT00554,2026-09-07 15:10:00,LDR001,Loader,OP1034,day,normal,7.87,1.5,91.4,Windy,Unfastened,HIGH,7.2,False
EVT00555,2026-09-07 15:36:00,LDR001,Loader,OP1034,day,normal,8.62,34.5,85.5,Windy,Unfastened,LOW,10.5,True
EVT00556,2026-09-07 15:56:00,LDR001,Loader,OP1034,day,normal,6.73,15.0,81.7,Windy,Unfastened,LOW,3.8,True
EVT00557,2026-09-07 16:14:00,LDR001,Loader,OP1034,day,normal,4.92,17.5,87.0,Windy,Unfastened,LOW,5.5,True
EVT00558,2026-09-07 16:28:00,LDR001,Loader,OP1034,day,normal,5.56,13.1,90.5,Windy,Unfastened,LOW,1.2,False
EVT00559,2026-09-07 16:34:00,LDR001,Loader,OP1034,day,normal,5.01,5.0,90.9,Windy,Unfastened,MEDIUM,1.8,False
EVT00560,2026-09-07 16:56:00,LDR001,Loader,OP1034,day,normal,5.06,21.9,88.6,Windy,Unfastened,LOW,3.6,False
EVT00561,2026-09-07 17:20:00,LDR001,Loader,OP1034,day,normal,9.15,20.9,85.0,Windy,Unfastened,LOW,3.5,False
EVT00562,2026-09-07 17:44:00,LDR001,Loader,OP1034,day,normal,5.68,22.3,88.6,Windy,Unfastened,LOW,12.5,True
EVT00563,2026-09-07 17:58:00,LDR001,Loader,OP1034,day,normal,5.75,16.2,84.2,Windy,Unfastened,LOW,12.7,True
EVT00564,2025-01-27 18:10:00,EXC007,Excavator,OP1003,night,normal,5.99,1.9,48.5,Sunny,Fastened,HIGH,4.4,True
EVT00565,2025-01-27 18:42:00,EXC007,Excavator,OP1003,night,normal,5.15,1.0,89.6,Sunny,Fastened,HIGH,7.4,True
EVT00566,2025-01-27 19:22:00,EXC007,Excavator,OP1003,night,normal,5.41,20.7,82.7,Sunny,Unfastened,LOW,1,True
EVT00567,2025-01-27 19:24:00,EXC007,Excavator,OP1003,night,normal,7.84,24.0,85.3,Sunny,Unfastened,LOW,4.2,True
EVT00568,2025-01-27 19:28:00,EXC007,Excavator,OP1003,night,normal,5.53,23.2,90.4,Sunny,Unfastened,LOW,7.9,True
EVT00569,2025-01-27 19:40:00,EXC007,Excavator,OP1003,night,normal,4.13,19.2,91.3,Sunny,Unfastened,LOW,10.5,True
EVT00570,2025-01-27 20:12:00,EXC007,Excavator,OP1003,night,normal,6.84,3.0,89.5,Sunny,Unfastened,MEDIUM,8.1,True
EVT00571,2025-01-27 20:26:00,EXC007,Excavator,OP1003,night,normal,4.03,21.2,85.5,Sunny,Unfastened,LOW,5.2,True
EVT00572,2025-01-27 20:40:00,EXC007,Excavator,OP1003,night,normal,4.83,15.3,88.3,Sunny,Unfastened,LOW,6.9,True
EVT00573,2025-01-27 20:44:00,EXC007,Excavator,OP1003,night,normal,5.05,1.5,83.4,Sunny,Fastened,HIGH,9.6,True
EVT00574,2025-01-27 20:56:00,EXC007,Excavator,OP1003,night,normal,4.81,1.9,90.7,Sunny,Unfastened,MEDIUM,5.4,True
EVT00575,2025-01-27 22:02:00,EXC007,Excavator,OP1003,night,proximity_breach,10.63,1.2,84.5,Sunny,Fastened,HIGH,5.0,True
EVT00576,2025-01-27 22:04:00,EXC007,Excavator,OP1003,night,proximity_breach,7.92,1.7,90.7,Sunny,Fastened,HIGH,1,False
EVT00577,2025-01-27 22:06:00,EXC007,Excavator,OP1003,night,proximity_breach,7.21,0.8,87.7,Sunny,Fastened,HIGH,11.7,True
EVT00578,2025-01-27 22:08:00,EXC007,Excavator,OP1003,night,proximity_breach,6.61,2.3,87.8,Sunny,Fastened,HIGH,5.8,True
EVT00579,2025-01-27 22:10:00,EXC007,Excavator,OP1003,night,proximity_breach,6.02,2.1,88.7,Sunny,Fastened,HIGH,5.0,False
EVT00580,2025-01-27 22:14:00,EXC007,Excavator,OP1003,night,proximity_breach,6.3,1.6,85.3,Sunny,Fastened,HIGH,11.1,False
EVT00581,2025-01-27 22:16:00,EXC007,Excavator,OP1003,night,proximity_breach,6.12,0.7,85.4,Sunny,Unfastened,HIGH,1.1,True
EVT00582,2025-01-27 22:18:00,EXC007,Excavator,OP1003,night,proximity_breach,8.98,0.5,86.8,Sunny,Fastened,HIGH,8.2,True
EVT00583,2025-01-27 22:20:00,EXC007,Excavator,OP1003,night,proximity_breach,6.59,2.6,86.1,Sunny,Fastened,HIGH,4.5,True
EVT00584,2025-01-27 22:22:00,EXC007,Excavator,OP1003,night,proximity_breach,7.28,1.7,91.3,Sunny,Fastened,HIGH,11.7,True
EVT00585,2025-01-27 22:24:00,EXC007,Excavator,OP1003,night,proximity_breach,5.48,2.7,87.3,Sunny,Fastened,HIGH,11.8,True
EVT00586,2025-01-27 22:26:00,EXC007,Excavator,OP1003,night,proximity_breach,5.39,1.7,82.4,Sunny,Fastened,HIGH,4.6,True
EVT00587,2025-01-27 22:30:00,EXC007,Excavator,OP1003,night,proximity_breach,8.24,2.5,89.3,Sunny,Fastened,HIGH,1.7,True
EVT00588,2025-01-27 22:32:00,EXC007,Excavator,OP1003,night,normal,8.33,10.6,83.2,Sunny,Unfastened,LOW,6.8,False
EVT00589,2025-01-27 22:38:00,EXC007,Excavator,OP1003,night,normal,4.85,13.0,82.1,Sunny,Unfastened,LOW,12.5,True
EVT00590,2025-01-27 23:16:00,EXC007,Excavator,OP1003,night,normal,6.07,17.2,86.9,Sunny,Unfastened,LOW,2.4,True
EVT00591,2025-01-27 23:36:00,EXC007,Excavator,OP1003,night,normal,7.23,17.5,85.9,Sunny,Unfastened,LOW,4.7,True
EVT00592,2025-01-28 00:06:00,EXC007,Excavator,OP1003,night,normal,3.97,12.6,89.5,Sunny,Unfastened,LOW,6.2,True
EVT00593,2025-01-28 00:12:00,EXC007,Excavator,OP1003,night,normal,4.45,26.6,86.2,Sunny,Unfastened,LOW,9.4,False
EVT00594,2025-01-28 01:16:00,EXC007,Excavator,OP1003,night,normal,6.77,42.3,84.3,Sunny,Unfastened,LOW,6.8,True
EVT00595,2025-01-28 01:18:00,EXC007,Excavator,OP1003,night,normal,4.21,25.2,82.7,Sunny,Unfastened,LOW,10.6,True
EVT00596,2025-01-28 01:36:00,EXC007,Excavator,OP1003,night,normal,5.6,31.3,91.9,Sunny,Unfastened,LOW,5.0,False
EVT00597,2025-01-28 01:56:00,EXC007,Excavator,OP1003,night,normal,4.21,21.1,85.9,Sunny,Unfastened,LOW,9.0,False
EVT00598,2025-01-28 02:18:00,EXC007,Excavator,OP1003,night,normal,4.67,16.2,85.8,Sunny,Unfastened,LOW,6.3,True
EVT00599,2025-01-28 02:22:00,EXC007,Excavator,OP1003,night,normal,3.17,14.7,87.0,Sunny,Unfastened,LOW,3.8,True
EVT00600,2025-01-28 02:24:00,EXC007,Excavator,OP1003,night,normal,5.4,6.4,87.1,Sunny,Unfastened,MEDIUM,2.9,False
EVT00601,2025-01-28 02:46:00,EXC007,Excavator,OP1003,night,normal,7.58,21.5,90.3,Sunny,Unfastened,LOW,13.5,False
EVT00602,2025-01-28 02:52:00,EXC007,Excavator,OP1003,night,normal,6.1,1.5,84.9,Sunny,Fastened,HIGH,3.9,True
EVT00603,2025-01-28 02:56:00,EXC007,Excavator,OP1003,night,normal,5.6,2.3,84.9,Sunny,Fastened,HIGH,13.0,True
EVT00604,2025-01-28 03:06:00,EXC007,Excavator,OP1003,night,normal,8.47,12.9,89.4,Sunny,Unfastened,LOW,10.1,True
EVT00605,2025-01-28 03:20:00,EXC007,Excavator,OP1003,night,normal,6.72,20.5,84.9,Sunny,Unfastened,LOW,3.8,True
EVT00606,2025-01-28 03:26:00,EXC007,Excavator,OP1003,night,normal,2.09,19.8,89.5,Sunny,Unfastened,LOW,5.2,False
EVT00607,2025-01-28 03:30:00,EXC007,Excavator,OP1003,night,normal,6.92,30.0,86.2,Sunny,Unfastened,LOW,4.2,False
EVT00608,2025-01-28 03:54:00,EXC007,Excavator,OP1003,night,high_fuel,6.28,26.3,82.4,Sunny,Unfastened,LOW,4.7,True
EVT00609,2025-01-28 04:32:00,EXC007,Excavator,OP1003,night,normal,4.01,25.8,90.4,Sunny,Unfastened,LOW,1,True
EVT00610,2025-01-28 04:46:00,EXC007,Excavator,OP1003,night,normal,5.81,14.7,89.9,Sunny,Unfastened,LOW,8.5,True
EVT00611,2025-01-28 05:14:00,EXC007,Excavator,OP1003,night,normal,2.63,18.8,84.9,Sunny,Unfastened,LOW,11.8,True
EVT00612,2025-01-28 05:30:00,EXC007,Excavator,OP1003,night,normal,5.8,21.0,89.5,Sunny,Unfastened,LOW,3.3,True
EVT00613,2025-01-28 05:36:00,EXC007,Excavator,OP1003,night,normal,8.18,0.5,85.6,Sunny,Fastened,HIGH,1,True
EVT00614,2025-01-28 05:46:00,EXC007,Excavator,OP1003,night,normal,7.96,30.5,86.9,Sunny,Unfastened,LOW,5.0,True
EVT00615,2025-01-28 05:58:00,EXC007,Excavator,OP1003,night,normal,6.18,0.5,90.8,Sunny,Fastened,HIGH,3.4,True
EVT00616,2025-05-14 06:24:00,BCK004,Backhoe,OP1021,day,normal,6.67,3.9,84.9,Sunny,Unfastened,MEDIUM,8.2,False
EVT00617,2025-05-14 06:30:00,BCK004,Backhoe,OP1021,day,normal,6.05,2.6,88.3,Sunny,Fastened,HIGH,11.1,True
EVT00618,2025-05-14 06:42:00,BCK004,Backhoe,OP1021,day,normal,6.1,0.5,86.7,Sunny,Unfastened,HIGH,13.0,True
EVT00619,2025-05-14 06:46:00,BCK004,Backhoe,OP1021,day,normal,6.43,24.9,91.7,Sunny,Unfastened,LOW,8.8,True
EVT00620,2025-05-14 07:04:00,BCK004,Backhoe,OP1021,day,normal,9.81,31.3,82.8,Sunny,Unfastened,LOW,1,False
EVT00621,2025-05-14 07:50:00,BCK004,Backhoe,OP1021,day,normal,7.17,22.6,83.6,Sunny,Unfastened,LOW,12.8,True
EVT00622,2025-05-14 08:06:00,BCK004,Backhoe,OP1021,day,normal,2.07,9.3,84.0,Sunny,Unfastened,LOW,4.9,True
EVT00623,2025-05-14 08:22:00,BCK004,Backhoe,OP1021,day,normal,3.73,9.5,83.1,Sunny,Unfastened,LOW,15.5,True
EVT00624,2025-05-14 09:52:00,BCK004,Backhoe,OP1021,day,normal,8.14,23.0,90.0,Sunny,Unfastened,LOW,8.9,True
EVT00625,2025-05-14 09:54:00,BCK004,Backhoe,OP1021,day,normal,9.16,18.7,94.4,Sunny,Unfastened,LOW,8.0,True
EVT00626,2025-05-14 09:58:00,BCK004,Backhoe,OP1021,day,normal,3.8,20.7,85.7,Sunny,Unfastened,LOW,15.2,True
EVT00627,2025-05-14 10:10:00,BCK004,Backhoe,OP1021,day,normal,3.93,0.5,87.4,Sunny,Unfastened,MEDIUM,7.6,True
EVT00628,2025-05-14 10:20:00,BCK004,Backhoe,OP1021,day,overspeed,14.43,27.0,90.6,Sunny,Unfastened,LOW,10.0,False
EVT00629,2025-05-14 10:30:00,BCK004,Backhoe,OP1021,day,overspeed,13.73,10.0,87.5,Sunny,Unfastened,LOW,14.2,True
EVT00630,2025-05-14 10:42:00,BCK004,Backhoe,OP1021,day,overspeed,14.22,19.7,86.6,Sunny,Unfastened,LOW,7.3,True
EVT00631,2025-05-14 10:48:00,BCK004,Backhoe,OP1021,day,overspeed,11.36,21.5,82.2,Sunny,Unfastened,LOW,7.3,True
EVT00632,2025-05-14 10:52:00,BCK004,Backhoe,OP1021,day,overspeed,11.89,13.5,91.8,Sunny,Unfastened,LOW,2.5,True
EVT00633,2025-05-14 11:36:00,BCK004,Backhoe,OP1021,day,temp_spike,7.56,17.1,109.8,Sunny,Fastened,MEDIUM,12.6,True
EVT00634,2025-05-14 11:38:00,BCK004,Backhoe,OP1021,day,temp_spike,5.44,4.1,110.3,Sunny,Fastened,MEDIUM,8.8,False
EVT00635,2025-05-14 11:40:00,BCK004,Backhoe,OP1021,day,temp_spike,6.12,12.0,108.2,Sunny,Fastened,MEDIUM,9.0,True
EVT00636,2025-05-14 11:42:00,BCK004,Backhoe,OP1021,day,temp_spike,7.72,6.0,114.4,Sunny,Fastened,MEDIUM,3.2,True
EVT00637,2025-05-14 11:44:00,BCK004,Backhoe,OP1021,day,temp_spike,5.02,8.3,109.5,Sunny,Fastened,MEDIUM,11.0,True
EVT00638,2025-05-14 11:48:00,BCK004,Backhoe,OP1021,day,erratic_accel,8.11,11.9,88.8,Sunny,Unfastened,LOW,4.5,True
EVT00639,2025-05-14 11:54:00,BCK004,Backhoe,OP1021,day,erratic_accel,9.16,2.6,88.1,Sunny,Unfastened,HIGH,7.1,True
EVT00640,2025-05-14 11:56:00,BCK004,Backhoe,OP1021,day,erratic_accel,7.1,0.5,91.6,Sunny,Fastened,HIGH,11.4,True
EVT00641,2025-05-14 12:18:00,BCK004,Backhoe,OP1021,day,erratic_accel,4.74,33.5,86.4,Sunny,Unfastened,LOW,5.8,True
EVT00642,2025-05-14 12:26:00,BCK004,Backhoe,OP1021,day,erratic_accel,7.3,29.7,87.9,Sunny,Unfastened,LOW,6.4,True
EVT00643,2025-05-14 12:34:00,BCK004,Backhoe,OP1021,day,erratic_accel,6.43,26.6,88.6,Sunny,Unfastened,LOW,6.2,False
EVT00644,2025-05-14 12:36:00,BCK004,Backhoe,OP1021,day,normal,2.77,19.9,84.2,Sunny,Unfastened,LOW,7.4,True
EVT00645,2025-05-14 12:56:00,BCK004,Backhoe,OP1021,day,normal,7.73,12.0,81.5,Sunny,Unfastened,LOW,10.7,True
EVT00646,2025-05-14 13:06:00,BCK004,Backhoe,OP1021,day,normal,6.41,13.3,85.7,Sunny,Unfastened,LOW,8.7,True
EVT00647,2025-05-14 13:48:00,BCK004,Backhoe,OP1021,day,normal,4.42,14.7,90.0,Sunny,Unfastened,LOW,7.0,True
EVT00648,2025-05-14 14:26:00,BCK004,Backhoe,OP1021,day,normal,8.59,16.9,84.4,Sunny,Unfastened,LOW,7.7,True
EVT00649,2025-05-14 14:28:00,BCK004,Backhoe,OP1021,day,normal,4.29,12.9,83.0,Sunny,Unfastened,LOW,5.1,True
EVT00650,2025-05-14 15:36:00,BCK004,Backhoe,OP1021,day,normal,5.51,15.5,89.5,Sunny,Unfastened,LOW,2.7,True
EVT00651,2025-05-14 15:52:00,BCK004,Backhoe,OP1021,day,normal,6.94,4.9,84.6,Sunny,Unfastened,MEDIUM,6.8,True
EVT00652,2025-05-14 16:04:00,BCK004,Backhoe,OP1021,day,normal,4.87,27.0,90.5,Sunny,Unfastened,LOW,10.6,True
EVT00653,2025-05-14 16:12:00,BCK004,Backhoe,OP1021,day,normal,5.27,32.0,83.4,Sunny,Unfastened,LOW,7.9,True
EVT00654,2025-05-14 16:38:00,BCK004,Backhoe,OP1021,day,normal,4.13,28.5,86.8,Sunny,Unfastened,LOW,4.8,True
